WKT,nome,latitudine,longitudine,tipo,accesso,note,osm_id
"POINT (12.4908231 41.7878141)",,41.7878141,12.4908231,drinking,,,node/13253753627
"POINT (12.4351864 41.7981526)",,41.7981526,12.4351864,drinking_water,,,node/13247471860
"POINT (12.5053493 41.8037079)",,41.8037079,12.5053493,drinking_water,yes,,node/13247471859
"POINT (12.443463 41.805043)",,41.805043,12.443463,drinking_water,yes,,node/13247471838
"POINT (12.439417 41.7976289)",,41.7976289,12.439417,drinking_water,yes,,node/13247471837
"POINT (12.521151 41.981469)",,41.981469,12.521151,drinking_water,,,node/13243087218
"POINT (12.4578179 41.9032719)",,41.9032719,12.4578179,drinking,,,node/13238565399
"POINT (12.4585184 41.9034269)",,41.9034269,12.4585184,drinking,,,node/13238440564
"POINT (12.4552796 41.8978541)",,41.8978541,12.4552796,drinking_water,yes,,node/13197431588
"POINT (12.5232381 41.9126892)",,41.9126892,12.5232381,drinking_water,,,node/13158433905
"POINT (12.6430807 41.823899)",,41.823899,12.6430807,drinking_water,,,node/13123590196
"POINT (12.5258175 41.9426735)",,41.9426735,12.5258175,drinking_water,,,node/13089183501
"POINT (12.5703976 41.8903222)",,41.8903222,12.5703976,drinking_water,yes,,node/13088866812
"POINT (12.4972594 41.9078762)",,41.9078762,12.4972594,nasone,,,node/13084163375
"POINT (12.3624581 41.9844141)",,41.9844141,12.3624581,drinking_water,,,node/13082700556
"POINT (12.4961563 41.8967454)",,41.8967454,12.4961563,nasone,,,node/13045340104
"POINT (12.486236 41.8400481)",,41.8400481,12.486236,drinking_water,yes,generalmente spenta, va aperta manualmente,node/13038987453
"POINT (12.6368201 41.8445444)",,41.8445444,12.6368201,drinking_water,yes,,node/13034578529
"POINT (12.4760156 41.9052658)",,41.9052658,12.4760156,drinking_water,,,node/13013980203
"POINT (12.558425 41.9477883)",,41.9477883,12.558425,drinking_water,,,node/13002585801
"POINT (12.5426977 41.9058335)",,41.9058335,12.5426977,nasone,yes,,node/12988033144
"POINT (12.517502 41.919018)",,41.919018,12.517502,drinking_water,yes,,node/12987526642
"POINT (12.46547 41.8921239)",,41.8921239,12.46547,drinking_water,customers,,node/12987475242
"POINT (12.464383 41.8927975)",,41.8927975,12.464383,drinking_water,customers,,node/12987458493
"POINT (12.4374999 41.9750449)",,41.9750449,12.4374999,drinking_water,yes,,node/12954750331
"POINT (12.4925289 41.8585664)",,41.8585664,12.4925289,nasone,,,node/12938191585
"POINT (12.4909485 41.8521259)",,41.8521259,12.4909485,nasone,,,node/12914384733
"POINT (12.5503572 41.8647214)",,41.8647214,12.5503572,nasone,,,node/12902687656
"POINT (12.3789611 41.78907)",,41.78907,12.3789611,drinking_water,,,node/12896412701
"POINT (12.381322 41.7876352)",,41.7876352,12.381322,drinking_water,,,node/12896412601
"POINT (12.4865372 41.9041592)",,41.9041592,12.4865372,drinking,,,node/12879288358
"POINT (12.4978446 41.8930706)",,41.8930706,12.4978446,drinking_water,,,node/12873430690
"POINT (12.4777064 41.8972194)",,41.8972194,12.4777064,drinking_water,,,node/12851143081
"POINT (12.444215 41.9229153)",,41.9229153,12.444215,drinking_water,,,node/12842608601
"POINT (12.5460313 41.907367)",,41.907367,12.5460313,drinking_water,,,node/12819031080
"POINT (12.546205 41.908118)",,41.908118,12.546205,drinking_water,,,node/12818977334
"POINT (12.5516807 41.9100927)",,41.9100927,12.5516807,drinking_water,,,node/12818959307
"POINT (12.4769211 41.8890613)",,41.8890613,12.4769211,drinking,,,node/12816938731
"POINT (12.4533937 41.8945116)",,41.8945116,12.4533937,drinking_water,,,node/12814031178
"POINT (12.4685448 41.8538036)",,41.8538036,12.4685448,nasone,,,node/12804520446
"POINT (12.4630536 41.8711815)",,41.8711815,12.4630536,drinking_water,,,node/12786251401
"POINT (12.425026 41.8683476)",,41.8683476,12.425026,drinking_water,,,node/12785810301
"POINT (12.3740028 41.7872871)",,41.7872871,12.3740028,drinking_water,yes,nasone,node/12771030856
"POINT (12.4870931 41.8906947)",,41.8906947,12.4870931,drinking_water,,,node/12623101980
"POINT (12.4902565 41.8898644)",,41.8898644,12.4902565,bottle_refill,,,node/12622944323
"POINT (12.5864061 41.8342056)",,41.8342056,12.5864061,drinking_water,yes,,node/12610386663
"POINT (12.5554818 41.8957785)",,41.8957785,12.5554818,nasone,yes,,node/12610093064
"POINT (12.5550974 41.8974912)",,41.8974912,12.5550974,nasone,,,node/12586065069
"POINT (12.5406646 41.9055865)",,41.9055865,12.5406646,drinking_water,,,node/12571509622
"POINT (12.4630892 41.8730413)",,41.8730413,12.4630892,nasone,,,node/12535981672
"POINT (12.505801 41.858989)",,41.858989,12.505801,drinking_water,customers,,node/12528870774
"POINT (12.4894904 41.8291751)",,41.8291751,12.4894904,nasone,,,node/12497045447
"POINT (12.4956576 41.9036465)",,41.9036465,12.4956576,nasone,,,node/12492698171
"POINT (12.465074 41.902452)",,41.902452,12.465074,bottle_refill,,,node/12481085570
"POINT (12.5145678 41.8879346)",,41.8879346,12.5145678,bottle_refill,,,node/12474287599
"POINT (12.4950531 41.9229481)",,41.9229481,12.4950531,bubbler,,,node/12460564153
"POINT (12.5544037 41.9185165)",,41.9185165,12.5544037,nasone,yes,,node/12423104686
"POINT (12.5105682 41.8220012)",,41.8220012,12.5105682,drinking_water,,,node/12395722236
"POINT (12.5057014 41.8151407)",,41.8151407,12.5057014,drinking_water,yes,,node/12361549330
"POINT (12.5137734 41.8998087)",,41.8998087,12.5137734,drinking_water,,,node/12334542944
"POINT (12.4703818 41.8286224)",,41.8286224,12.4703818,drinking_water,,,node/12334051763
"POINT (12.5610251 41.8887608)",,41.8887608,12.5610251,nasone,,,node/12299975568
"POINT (12.5195976 41.9339276)",,41.9339276,12.5195976,drinking_water,yes,,node/12293927571
"POINT (12.520188 41.9327371)",,41.9327371,12.520188,drinking_water,yes,,node/12293923989
"POINT (12.5678786 41.8939406)",,41.8939406,12.5678786,drinking_water,,,node/12246709190
"POINT (12.5677954 41.8939523)",,41.8939523,12.5677954,drinking_water,,,node/12246709189
"POINT (12.5442775 41.9122556)",,41.9122556,12.5442775,nasone,yes,,node/12244706325
"POINT (12.4676475 41.8898265)",,41.8898265,12.4676475,drinking_water,yes,,node/12236111960
"POINT (12.2651163 41.7352014)",,41.7352014,12.2651163,nasone,,,node/12180392857
"POINT (12.4914459 41.8408866)",,41.8408866,12.4914459,nasone,,,node/12177026084
"POINT (12.4904701 41.8437592)",,41.8437592,12.4904701,nasone,,,node/12176925685
"POINT (12.4399414 41.8775662)",,41.8775662,12.4399414,nasone,,,node/12170209793
"POINT (12.4587365 41.8805462)",,41.8805462,12.4587365,nasone,yes,,node/12165363228
"POINT (12.5817112 41.8790303)",,41.8790303,12.5817112,bubbler,,,node/12161981780
"POINT (12.5818419 41.8791288)",,41.8791288,12.5818419,bubbler,,,node/12161969437
"POINT (12.5628781 41.8962395)",,41.8962395,12.5628781,nasone,,,node/12150362876
"POINT (12.5521377 41.8936669)",,41.8936669,12.5521377,nasone,yes,,node/12143939723
"POINT (12.5332506 41.8625343)",,41.8625343,12.5332506,nasone,,,node/12140483725
"POINT (12.5548673 41.8930327)",,41.8930327,12.5548673,nasone,yes,,node/12128173261
"POINT (12.557545 41.8918236)",,41.8918236,12.557545,nasone,yes,,node/12128173260
"POINT (12.5543696 41.8952732)",,41.8952732,12.5543696,nasone,yes,,node/12128159429
"POINT (12.3154961 41.7314593)",,41.7314593,12.3154961,drinking,,,node/12115714402
"POINT (12.3117253 41.7270329)",,41.7270329,12.3117253,drinking,yes,,node/12114793156
"POINT (12.4901692 41.7958937)",,41.7958937,12.4901692,nasone,,,node/12111489401
"POINT (12.4870232 41.8924751)",,41.8924751,12.4870232,bottle_refill,,,node/12097935090
"POINT (12.5076774 41.8867246)",,41.8867246,12.5076774,drinking_water,yes,,node/12095537538
"POINT (12.465789 41.9379047)",,41.9379047,12.465789,drinking_water,,,node/12068614740
"POINT (12.511032 41.9124439)",,41.9124439,12.511032,stone_block,,,node/12039857518
"POINT (12.7886197 41.9148719)",,41.9148719,12.7886197,drinking_water,,,node/12036213299
"POINT (12.4892954 41.8904503)",,41.8904503,12.4892954,drinking,,,node/12033095972
"POINT (12.4902836 41.8901826)",,41.8901826,12.4902836,drinking,,,node/12033088194
"POINT (12.7920487 41.9123306)",,41.9123306,12.7920487,nasone,,,node/12031264103
"POINT (12.5409808 41.8876399)",,41.8876399,12.5409808,drinking_water,,,node/12017183010
"POINT (12.577966 41.895965)",,41.895965,12.577966,drinking_water,,,node/12015043905
"POINT (12.5095367 41.9145526)",,41.9145526,12.5095367,drinking_water,,,node/12003607369
"POINT (12.5135636 41.9125298)",,41.9125298,12.5135636,drinking_water,,,node/12003607170
"POINT (12.4625901 41.9305713)",,41.9305713,12.4625901,drinking_water,,,node/12002699669
"POINT (12.3840752 41.7840776)",,41.7840776,12.3840752,drinking_water,yes,,node/11968686512
"POINT (12.461103 41.882069)",,41.882069,12.461103,nasone,,,node/11964241969
"POINT (12.3630105 41.9836917)",,41.9836917,12.3630105,drinking_water,,,node/11961725874
"POINT (12.3661923 41.9844489)",,41.9844489,12.3661923,drinking_water,,,node/11961718824
"POINT (12.4636535 41.8693849)",,41.8693849,12.4636535,drinking_water,,,node/11959119369
"POINT (12.465965 41.9373556)",,41.9373556,12.465965,drinking,,,node/11917495173
"POINT (12.4896798 41.89035)",,41.89035,12.4896798,drinking,,,node/11885861241
"POINT (12.5822699 41.8658075)",,41.8658075,12.5822699,drinking,,,node/11883973540
"POINT (12.5638873 41.9200256)",,41.9200256,12.5638873,nasone,yes,,node/11860854536
"POINT (12.5586495 41.9160304)",,41.9160304,12.5586495,nasone,yes,,node/11857254948
"POINT (12.5526473 41.9162889)",,41.9162889,12.5526473,nasone,yes,,node/11848381833
"POINT (12.5664322 41.9144719)",,41.9144719,12.5664322,nasone,yes,,node/11848381821
"POINT (12.5656619 41.9149593)",,41.9149593,12.5656619,nasone,yes,,node/11848381820
"POINT (12.5128718 41.8983382)",,41.8983382,12.5128718,drinking_water,,,node/11835037840
"POINT (12.5902225 41.8534787)",,41.8534787,12.5902225,bubbler,,,node/11835036567
"POINT (12.4947847 41.8927804)",,41.8927804,12.4947847,stone_block,,,node/11812551762
"POINT (12.5144928 41.9041752)",,41.9041752,12.5144928,drinking,,,node/11804315669
"POINT (12.3491293 41.9095792)",,41.9095792,12.3491293,drinking,,,node/11792976476
"POINT (12.6516349 41.9152058)",,41.9152058,12.6516349,bubbler,yes,,node/11773844833
"POINT (12.660793 41.8995745)",,41.8995745,12.660793,bubbler,yes,,node/11773785168
"POINT (12.4910146 41.886821)",,41.886821,12.4910146,nasone,yes,,node/11773723130
"POINT (12.4608364 41.9021184)",,41.9021184,12.4608364,bubbler,yes,,node/11755104679
"POINT (12.4494679 41.8945738)",,41.8945738,12.4494679,drinking,,,node/11736485965
"POINT (12.4224923 41.9103947)",,41.9103947,12.4224923,bubbler,yes,,node/11725936253
"POINT (12.5075522 41.987614)",,41.987614,12.5075522,nasone,,,node/11601927995
"POINT (12.5121319 41.9785205)",,41.9785205,12.5121319,nasone,,,node/11543127488
"POINT (12.4930195 41.8337577)",,41.8337577,12.4930195,nasone,,,node/11521887423
"POINT (12.5057407 41.8942566)",,41.8942566,12.5057407,drinking_water,yes,,node/11494105831
"POINT (12.5081473 41.8935385)",,41.8935385,12.5081473,drinking_water,customers,,node/11491617943
"POINT (12.4983044 41.904156)",,41.904156,12.4983044,drinking_water,,,node/11483345317
"POINT (12.4811802 41.8752772)",,41.8752772,12.4811802,drinking,,,node/11482468156
"POINT (12.4670579 41.9039958)",,41.9039958,12.4670579,nasone,yes,,node/11469105851
"POINT (12.4727459 41.8668948)",,41.8668948,12.4727459,drinking,private,,node/11391904369
"POINT (12.4900558 41.851981)",,41.851981,12.4900558,drinking,customers,,node/11298163179
"POINT (12.4895431 41.8520952)",,41.8520952,12.4895431,drinking,customers,,node/11297544787
"POINT (12.4892207 41.852533)",,41.852533,12.4892207,drinking_water,customers,,node/11297532573
"POINT (12.5660564 41.8232668)",,41.8232668,12.5660564,drinking_water,,,node/11297440102
"POINT (12.6011095 41.8155038)",,41.8155038,12.6011095,drinking_water,unknown,,node/11291861097
"POINT (12.4829659 41.8845222)",,41.8845222,12.4829659,roman_wolf,,,node/11248332587
"POINT (12.3761256 41.945549)",,41.945549,12.3761256,drinking_water,yes,,node/11235399918
"POINT (12.3774902 41.9479926)",,41.9479926,12.3774902,drinking_water,yes,,node/11235399914
"POINT (12.4588455 41.8781109)",,41.8781109,12.4588455,bottle_refill,,,node/11219505495
"POINT (12.4742537 41.8534033)",,41.8534033,12.4742537,nasone,,,node/11202843519
"POINT (12.4756728 41.8967417)",,41.8967417,12.4756728,drinking,,,node/11183079186
"POINT (12.4634557 41.8915648)",,41.8915648,12.4634557,bubbler,customers,,node/11180791395
"POINT (12.4631917 41.8928829)",,41.8928829,12.4631917,drinking_water,customers,,node/11180744016
"POINT (12.4731139 41.8875976)",,41.8875976,12.4731139,bubbler,,,node/11167460918
"POINT (12.5010235 41.8817238)",,41.8817238,12.5010235,bubbler,,,node/11160649169
"POINT (12.5519141 41.8772814)",,41.8772814,12.5519141,drinking_water,,,node/11160395520
"POINT (12.5475658 41.8866473)",,41.8866473,12.5475658,drinking_water,yes,,node/11156035578
"POINT (12.5519165 41.8772837)",,41.8772837,12.5519165,drinking_water,yes,,node/11156012769
"POINT (12.5715631 41.8718888)",,41.8718888,12.5715631,drinking_water,yes,,node/11148152510
"POINT (12.563806 41.8877871)",,41.8877871,12.563806,nasone,,,node/11146403952
"POINT (12.5691985 41.8925871)",,41.8925871,12.5691985,drinking_water,yes,,node/11139692829
"POINT (12.5687207 41.89236)",,41.89236,12.5687207,drinking_water,yes,,node/11139692828
"POINT (12.6018824 41.9484948)",,41.9484948,12.6018824,drinking_water,,,node/11123702116
"POINT (12.4727385 41.8615279)",,41.8615279,12.4727385,nasone,,,node/11049210644
"POINT (12.4732342 41.8618116)",,41.8618116,12.4732342,nasone,,,node/11049200377
"POINT (12.4735243 41.8617223)",,41.8617223,12.4735243,nasone,,,node/11049200376
"POINT (12.5175862 41.9051166)",,41.9051166,12.5175862,bubbler,customers,,node/11042207448
"POINT (12.4795346 42.0031695)",,42.0031695,12.4795346,nasone,,,node/11041989238
"POINT (12.5005283 41.9375095)",,41.9375095,12.5005283,nasone,,,node/11027303648
"POINT (12.4825648 41.8909862)",,41.8909862,12.4825648,nasone,,,node/10994133196
"POINT (12.4644249 41.9256094)",,41.9256094,12.4644249,nasone,,,node/10961889849
"POINT (12.5131742 41.8928286)",,41.8928286,12.5131742,nasone,,,node/10956877341
"POINT (12.4675213 41.8462467)",,41.8462467,12.4675213,drinking,private,,node/10931372644
"POINT (12.6279088 41.8934078)",,41.8934078,12.6279088,nasone,,,node/10915866202
"POINT (12.5125984 41.9150404)",,41.9150404,12.5125984,drinking_water,,,node/10864579441
"POINT (12.6282821 41.8132972)",,41.8132972,12.6282821,drinking_water,,,node/10816581170
"POINT (12.480794 41.9963101)",,41.9963101,12.480794,drinking_water,yes,,node/10807045936
"POINT (12.4830906 41.9949726)",,41.9949726,12.4830906,drinking_water,yes,,node/10807045935
"POINT (12.4872072 41.9975708)",,41.9975708,12.4872072,drinking_water,yes,,node/10807045934
"POINT (12.468347 41.8959095)",,41.8959095,12.468347,nasone,yes,,node/10801687904
"POINT (12.4757593 41.8793666)",,41.8793666,12.4757593,nasone,,,node/10763886211
"POINT (12.4922312 41.8442442)",,41.8442442,12.4922312,drinking,,,node/10737491435
"POINT (12.4630296 41.8791759)",,41.8791759,12.4630296,nasone,,,node/10707506860
"POINT (12.4618971 41.8778282)",,41.8778282,12.4618971,nasone,,,node/10707506859
"POINT (12.4605114 41.8782346)",,41.8782346,12.4605114,nasone,,,node/10707506858
"POINT (12.4681817 41.875255)",,41.875255,12.4681817,drinking_water,,,node/10606691505
"POINT (12.4896529 41.8738362)",,41.8738362,12.4896529,nasone,yes,,node/10595224163
"POINT (12.4727628 41.8761834)",,41.8761834,12.4727628,drinking_water,,,node/10436409967
"POINT (12.375732 41.9162987)",,41.9162987,12.375732,nasone,yes,,node/10282402603
"POINT (12.5662215 41.8609237)",,41.8609237,12.5662215,drinking_water,,,node/10280933653
"POINT (12.5457277 41.9437216)",,41.9437216,12.5457277,drinking_water,yes,,node/10188304901
"POINT (12.4682358 41.9249879)",,41.9249879,12.4682358,drinking_water,,,node/10182221528
"POINT (12.4652281 41.9255841)",,41.9255841,12.4652281,nasone,,,node/10182221526
"POINT (12.4867679 41.9970766)",,41.9970766,12.4867679,drinking_water,,,node/10135408534
"POINT (12.4726268 41.8547684)",,41.8547684,12.4726268,nasone,,,node/10123943218
"POINT (12.4894406 41.9094638)",,41.9094638,12.4894406,nasone,,,node/10117396942
"POINT (12.4628152 41.8894873)",,41.8894873,12.4628152,drinking,,,node/10103770188
"POINT (12.3821064 42.0034498)",,42.0034498,12.3821064,drinking,,,node/10101787010
"POINT (12.4818028 41.8919755)",,41.8919755,12.4818028,drinking,,this is a unique historic drinking fountain, not a nasone,node/10082714502
"POINT (12.4836941 41.8923945)",,41.8923945,12.4836941,drinking_water,,,node/9983658444
"POINT (12.4888273 41.847758)",,41.847758,12.4888273,drinking,private,,node/9913410269
"POINT (12.4660731 41.8971351)",,41.8971351,12.4660731,nasone,,,node/9908462464
"POINT (12.4871232 41.8463378)",,41.8463378,12.4871232,nasone,,,node/9898318519
"POINT (12.4971047 41.8931636)",,41.8931636,12.4971047,stone_block,,,node/9878433809
"POINT (12.4750836 41.9030621)",,41.9030621,12.4750836,drinking,,,node/9866169227
"POINT (12.4744359 41.8936581)",,41.8936581,12.4744359,nasone,,,node/9866160813
"POINT (12.4737526 41.9023777)",,41.9023777,12.4737526,drinking_water,,,node/9866132252
"POINT (12.4831084 41.8629349)",,41.8629349,12.4831084,nasone,,,node/9864218758
"POINT (12.5195806 41.9499953)",,41.9499953,12.5195806,drinking_water,,,node/9847936949
"POINT (12.3207023 41.8394462)",,41.8394462,12.3207023,drinking_water,,,node/9816905621
"POINT (12.4698217 41.830744)",,41.830744,12.4698217,nasone,,,node/9815461954
"POINT (12.6000189 41.8869825)",,41.8869825,12.6000189,drinking,,,node/9811371357
"POINT (12.4882544 41.8777883)",,41.8777883,12.4882544,drinking,,,node/9808393613
"POINT (12.5646118 41.8552511)",,41.8552511,12.5646118,nasone,,,node/9775898034
"POINT (12.2838132 41.7343313)",,41.7343313,12.2838132,drinking,,,node/9759496532
"POINT (12.4790429 41.896607)",,41.896607,12.4790429,drinking,,,node/9738041464
"POINT (12.43942 41.9344196)",,41.9344196,12.43942,drinking_water,,,node/9738022170
"POINT (12.4238177 41.9434551)",,41.9434551,12.4238177,drinking_water,,,node/9738012501
"POINT (12.4332983 41.8873027)",,41.8873027,12.4332983,nasone,,,node/9722644109
"POINT (12.6175984 41.8163963)",,41.8163963,12.6175984,drinking_water,,,node/9697373649
"POINT (12.5113418 41.9351427)",,41.9351427,12.5113418,nasone,,,node/9695106765
"POINT (12.6574845 41.9155538)",,41.9155538,12.6574845,bubbler,yes,,node/9694907724
"POINT (12.6267122 41.8303024)",,41.8303024,12.6267122,drinking_water,,,node/9687527590
"POINT (12.5790823 41.9335245)",,41.9335245,12.5790823,drinking_water,yes,,node/9685697574
"POINT (12.698994 41.8627817)",,41.8627817,12.698994,nasone,,,node/9677242428
"POINT (12.3279157 41.7231394)",,41.7231394,12.3279157,drinking_water,,,node/9667384282
"POINT (12.5673354 41.9141706)",,41.9141706,12.5673354,nasone,,,node/9647332663
"POINT (12.429022 41.8378575)",,41.8378575,12.429022,nasone,,,node/9626676616
"POINT (12.4298058 41.9350394)",,41.9350394,12.4298058,drinking_water,,,node/9545723483
"POINT (12.4962758 41.8784277)",,41.8784277,12.4962758,roman_wolf,,,node/9519088595
"POINT (12.4173403 41.8279526)",,41.8279526,12.4173403,drinking,,,node/9453308697
"POINT (12.5462915 41.8952614)",,41.8952614,12.5462915,nasone,,,node/9428599545
"POINT (12.3101242 41.730208)",,41.730208,12.3101242,stone_block,,,node/9392263574
"POINT (12.468138 41.8998639)",,41.8998639,12.468138,nasone,,,node/9385514491
"POINT (12.5283315 41.9493809)",,41.9493809,12.5283315,drinking_water,,,node/9353919128
"POINT (12.6281952 41.8530915)",,41.8530915,12.6281952,drinking_water,,,node/9347790599
"POINT (12.4461261 41.8712673)",,41.8712673,12.4461261,drinking,yes,,node/9299688481
"POINT (12.4539092 41.8724827)",,41.8724827,12.4539092,drinking,yes,,node/9299575882
"POINT (12.4687354 41.8582339)",,41.8582339,12.4687354,drinking_water,yes,,node/9269837098
"POINT (12.4998092 41.8617265)",,41.8617265,12.4998092,nasone,,,node/9235242845
"POINT (12.4687155 41.8574011)",,41.8574011,12.4687155,nasone,permissive,,node/9219134051
"POINT (12.532562 41.9489677)",,41.9489677,12.532562,drinking_water,,,node/9165270780
"POINT (12.548752 41.943944)",,41.943944,12.548752,drinking_water,,,node/9165201277
"POINT (12.5507397 41.944309)",,41.944309,12.5507397,drinking_water,,,node/9165200901
"POINT (12.534644 41.948187)",,41.948187,12.534644,drinking_water,,,node/9165197478
"POINT (12.543077 41.94779)",,41.94779,12.543077,drinking_water,,,node/9165176172
"POINT (12.5432397 41.9480256)",,41.9480256,12.5432397,drinking_water,yes,,node/9165176171
"POINT (12.5415941 41.9483626)",,41.9483626,12.5415941,drinking_water,,,node/9165172138
"POINT (12.5377974 41.950507)",,41.950507,12.5377974,drinking_water,,,node/9165131174
"POINT (12.535074 41.950394)",,41.950394,12.535074,drinking_water,,,node/9165105538
"POINT (12.5310268 41.9516197)",,41.9516197,12.5310268,drinking_water,,,node/9165089833
"POINT (12.3491114 42.0817536)",,42.0817536,12.3491114,drinking_water,,,node/9160961068
"POINT (12.5509397 41.8777447)",,41.8777447,12.5509397,nasone,,,node/9135557464
"POINT (12.5151661 41.9023271)",,41.9023271,12.5151661,drinking_water,,,node/9111095195
"POINT (12.3483586 42.0834665)",,42.0834665,12.3483586,drinking_water,yes,,node/9094072058
"POINT (12.6936015 41.8721077)",,41.8721077,12.6936015,drinking_water,yes,,node/9027869792
"POINT (12.5119083 41.8960302)",,41.8960302,12.5119083,bubbler,,,node/8969024868
"POINT (12.5039194 41.8573658)",,41.8573658,12.5039194,drinking,permissive,,node/8935206158
"POINT (12.5026255 41.8231783)",,41.8231783,12.5026255,drinking_water,,,node/8922084527
"POINT (12.5540445 41.9110138)",,41.9110138,12.5540445,drinking_water,,,node/8870154017
"POINT (12.5187821 41.9696714)",,41.9696714,12.5187821,nasone,,,node/8849111745
"POINT (12.3128871 41.9579083)",,41.9579083,12.3128871,nasone,,,node/8753704666
"POINT (12.3479827 41.941661)",,41.941661,12.3479827,nasone,,,node/8746387366
"POINT (12.5365501 41.8797777)",,41.8797777,12.5365501,nasone,,,node/8733401671
"POINT (12.5108824 41.8590226)",,41.8590226,12.5108824,drinking,,,node/8709842810
"POINT (12.5105793 41.8438882)",,41.8438882,12.5105793,nasone,,,node/8615066223
"POINT (12.5946959 41.8515001)",,41.8515001,12.5946959,nasone,,,node/8602211557
"POINT (12.442913 41.8219519)",,41.8219519,12.442913,drinking_water,,,node/8592911738
"POINT (12.5842917 41.8816311)",,41.8816311,12.5842917,drinking_water,yes,,node/8568950562
"POINT (12.5013663 41.8580202)",,41.8580202,12.5013663,nasone,,,node/8548585912
"POINT (12.5648108 41.9759918)",,41.9759918,12.5648108,nasone,,,node/8532224030
"POINT (12.580763 41.8633891)",,41.8633891,12.580763,nasone,,,node/8514388851
"POINT (12.5806311 41.8633224)",,41.8633224,12.5806311,dog_fountain,,,node/8514388850
"POINT (12.3684083 42.0154644)",,42.0154644,12.3684083,drinking_water,yes,,node/8513858418
"POINT (12.369959 42.0178968)",,42.0178968,12.369959,drinking_water,,,node/8513826456
"POINT (12.3655522 41.7843991)",,41.7843991,12.3655522,drinking_water,,,node/8506281447
"POINT (12.3570603 41.768268)",,41.768268,12.3570603,drinking_water,,,node/8506216703
"POINT (12.3030473 41.7280341)",,41.7280341,12.3030473,drinking_water,,,node/8488827841
"POINT (12.5081339 41.8848687)",,41.8848687,12.5081339,nasone,,,node/8478375653
"POINT (12.5493492 41.8786318)",,41.8786318,12.5493492,nasone,,,node/8466104179
"POINT (12.4726985 41.8745692)",,41.8745692,12.4726985,drinking,,,node/8463666294
"POINT (12.4609375 41.9370571)",,41.9370571,12.4609375,nasone,,,node/8437270295
"POINT (12.4229158 41.9185259)",,41.9185259,12.4229158,nasone,,,node/8435285719
"POINT (12.5186134 41.972573)",,41.972573,12.5186134,drinking_water,,,node/8387114284
"POINT (12.5648621 41.9277057)",,41.9277057,12.5648621,drinking_water,,,node/8328198516
"POINT (12.5663096 41.9268765)",,41.9268765,12.5663096,drinking_water,,,node/8328198488
"POINT (12.5646112 41.9405222)",,41.9405222,12.5646112,drinking_water,,,node/8328198487
"POINT (12.3874775 41.9438469)",,41.9438469,12.3874775,drinking_water,,,node/8296423383
"POINT (12.4708691 41.8543992)",,41.8543992,12.4708691,nasone,,,node/8278124018
"POINT (12.4716667 41.8986407)",,41.8986407,12.4716667,nasone,,,node/8258609183
"POINT (12.4276257 41.9240332)",,41.9240332,12.4276257,drinking_water,,,node/8245742542
"POINT (12.4804388 41.9321682)",,41.9321682,12.4804388,drinking_water,,,node/8242873977
"POINT (12.3474833 41.7113488)",,41.7113488,12.3474833,drinking_water,,,node/8242339897
"POINT (12.4653861 41.9037475)",,41.9037475,12.4653861,nasone,,,node/8198966878
"POINT (12.441498 41.9052691)",,41.9052691,12.441498,drinking_water,,,node/8164811452
"POINT (12.4421068 41.7823252)",,41.7823252,12.4421068,drinking_water,yes,,node/8149850402
"POINT (12.4437205 41.7157556)",,41.7157556,12.4437205,drinking_water,,,node/8133283011
"POINT (12.4431391 41.7164628)",,41.7164628,12.4431391,drinking_water,,,node/8133283010
"POINT (12.4452725 41.7182977)",,41.7182977,12.4452725,drinking_water,,,node/8133283000
"POINT (12.4860331 41.85608)",,41.85608,12.4860331,nasone,,,node/8118447253
"POINT (12.5248722 41.8788186)",,41.8788186,12.5248722,drinking_water,,,node/8097366741
"POINT (12.3790153 42.0092061)",,42.0092061,12.3790153,nasone,,,node/8093813846
"POINT (12.5329203 41.8902316)",,41.8902316,12.5329203,drinking_water,,,node/8084582739
"POINT (12.5721832 41.8583712)",,41.8583712,12.5721832,drinking_water,yes,,node/8059840448
"POINT (12.455105 41.8578341)",,41.8578341,12.455105,nasone,,,node/8043933320
"POINT (12.560604 41.8738197)",,41.8738197,12.560604,nasone,,,node/7995133703
"POINT (12.5586925 41.874621)",,41.874621,12.5586925,nasone,,,node/7995115226
"POINT (12.4795096 41.8582893)",,41.8582893,12.4795096,drinking,private,,node/7940167845
"POINT (12.443414 41.8559554)",,41.8559554,12.443414,nasone,,,node/7930688118
"POINT (12.4598304 41.8427392)",,41.8427392,12.4598304,drinking_water,,,node/7917112690
"POINT (12.4171559 41.8431196)",,41.8431196,12.4171559,drinking_water,,,node/7917001001
"POINT (12.4897356 41.9171033)",,41.9171033,12.4897356,drinking_water,,,node/7911153828
"POINT (12.4885715 41.918551)",,41.918551,12.4885715,drinking_water,,,node/7911144202
"POINT (12.4384894 41.7757289)",,41.7757289,12.4384894,drinking_water,,,node/7898459885
"POINT (12.3931061 41.7837928)",,41.7837928,12.3931061,drinking_water,,,node/7898455185
"POINT (12.3944001 41.7885073)",,41.7885073,12.3944001,drinking_water,,,node/7898455085
"POINT (12.4947756 41.8966135)",,41.8966135,12.4947756,nasone,,,node/7869827179
"POINT (12.4996059 41.880627)",,41.880627,12.4996059,stone_block,,,node/7864731499
"POINT (12.4838711 41.8655494)",,41.8655494,12.4838711,drinking,,,node/7786937033
"POINT (12.4870785 41.8657445)",,41.8657445,12.4870785,nasone,,,node/7786889623
"POINT (12.4918731 41.8894443)",,41.8894443,12.4918731,drinking_water,yes,,node/7780730299
"POINT (12.6603798 41.9042571)",,41.9042571,12.6603798,bubbler,yes,,node/7771285658
"POINT (12.6571697 41.9155089)",,41.9155089,12.6571697,bubbler,yes,,node/7771285651
"POINT (12.6576107 41.9139284)",,41.9139284,12.6576107,bubbler,yes,,node/7771285650
"POINT (12.4122698 41.8500077)",,41.8500077,12.4122698,nasone,,you have to turn it on inside,node/7761422099
"POINT (12.4815658 41.8608238)",,41.8608238,12.4815658,nasone,,,node/7760814360
"POINT (12.4372319 41.8400338)",,41.8400338,12.4372319,nasone,,,node/7746807571
"POINT (12.6398421 41.8321095)",,41.8321095,12.6398421,drinking_water,,,node/7605277810
"POINT (12.5313175 41.8705389)",,41.8705389,12.5313175,drinking_water,,,node/7507708385
"POINT (12.5166073 41.9315971)",,41.9315971,12.5166073,drinking_water,,,node/7490623585
"POINT (12.5572491 41.9056091)",,41.9056091,12.5572491,drinking_water,,,node/7439769070
"POINT (12.5574031 41.9052529)",,41.9052529,12.5574031,drinking_water,,,node/7439769069
"POINT (12.5558592 41.8910566)",,41.8910566,12.5558592,nasone,,,node/7380656900
"POINT (12.4955486 41.8882028)",,41.8882028,12.4955486,nasone,,,node/7203154248
"POINT (12.5243591 41.9340297)",,41.9340297,12.5243591,nasone,,,node/7179361101
"POINT (12.382692 42.0027558)",,42.0027558,12.382692,nasone,,,node/7136572187
"POINT (12.5790787 41.8575935)",,41.8575935,12.5790787,drinking,yes,,node/7100945052
"POINT (12.4941883 41.8915996)",,41.8915996,12.4941883,drinking_water,yes,,node/7085935353
"POINT (12.3799833 41.7864876)",,41.7864876,12.3799833,drinking_water,,,node/7065428644
"POINT (12.4916205 41.8575215)",,41.8575215,12.4916205,drinking,,Not a nasone,node/7056130298
"POINT (12.4749127 41.8775074)",,41.8775074,12.4749127,nasone,,,node/7021581874
"POINT (12.512719 41.903375)",,41.903375,12.512719,drinking_water,,,node/6960516844
"POINT (12.4615998 41.8880073)",,41.8880073,12.4615998,nasone,,,node/6942907549
"POINT (12.5882938 41.9049759)",,41.9049759,12.5882938,drinking_water,,Nasone romano,node/6929448989
"POINT (12.5908522 41.9053751)",,41.9053751,12.5908522,drinking_water,,Nasone Aurora,node/6927648192
"POINT (12.5903345 41.9021142)",,41.9021142,12.5903345,drinking_water,yes,,node/6898351366
"POINT (12.461616 41.9134204)",,41.9134204,12.461616,nasone,,,node/6893481812
"POINT (12.5125977 41.8902893)",,41.8902893,12.5125977,drinking,,,node/6881095909
"POINT (12.4620383 41.9007821)",,41.9007821,12.4620383,drinking_water,,,node/6875735278
"POINT (12.5437107 41.8762113)",,41.8762113,12.5437107,nasone,,,node/6867751558
"POINT (12.5468551 41.8768338)",,41.8768338,12.5468551,nasone,,,node/6867751539
"POINT (12.4926424 41.8906483)",,41.8906483,12.4926424,drinking_water,customers,,node/6841124063
"POINT (12.5730564 41.8704191)",,41.8704191,12.5730564,nasone,,,node/6814153130
"POINT (12.574823 41.8691097)",,41.8691097,12.574823,roman_wolf,,,node/6814055749
"POINT (12.2881111 41.7556438)",,41.7556438,12.2881111,drinking_water,,,node/6801453885
"POINT (12.441122 41.8815772)",,41.8815772,12.441122,drinking,private,looks closed, not accessible,node/6794813104
"POINT (12.4605739 41.9049545)",,41.9049545,12.4605739,nasone,,,node/6759324185
"POINT (12.4479123 41.900254)",,41.900254,12.4479123,drinking_water,,,node/6710441145
"POINT (12.5061208 41.8217)",,41.8217,12.5061208,drinking_water,,,node/6697060035
"POINT (12.5268296 41.9487766)",,41.9487766,12.5268296,drinking_water,,,node/6684191985
"POINT (12.4951138 41.8374878)",,41.8374878,12.4951138,nasone,,created from the anonymous note 1854073,node/6659251460
"POINT (12.2691422 41.7378043)",,41.7378043,12.2691422,drinking_water,,,node/6624953286
"POINT (12.4655856 41.8896686)",,41.8896686,12.4655856,nasone,,,node/6624702496
"POINT (12.4967144 41.8922741)",,41.8922741,12.4967144,drinking_water,,,node/6616168986
"POINT (12.4741582 41.9203043)",,41.9203043,12.4741582,nasone,,,node/6610148060
"POINT (12.4818754 41.9944619)",,41.9944619,12.4818754,nasone,,,node/6604872086
"POINT (12.4816953 41.9940426)",,41.9940426,12.4816953,nasone,,,node/6604865386
"POINT (12.4829315 41.9939805)",,41.9939805,12.4829315,nasone,,,node/6604828385
"POINT (12.4870814 41.8924043)",,41.8924043,12.4870814,nasone,,,node/6547164641
"POINT (12.4941377 41.8971021)",,41.8971021,12.4941377,drinking,,,node/6547153465
"POINT (12.4963911 41.9003975)",,41.9003975,12.4963911,nasone,,,node/6545701288
"POINT (12.475809 41.929806)",,41.929806,12.475809,drinking_water,,,node/6537337141
"POINT (12.517002 41.910044)",,41.910044,12.517002,nasone,yes,,node/6510592888
"POINT (12.6013543 41.9505592)",,41.9505592,12.6013543,drinking_water,,,node/6485197992
"POINT (12.5092844 41.883979)",,41.883979,12.5092844,nasone,,,node/6462027289
"POINT (12.4407171 41.9026004)",,41.9026004,12.4407171,nasone,,,node/6450587449
"POINT (12.5184262 41.9606367)",,41.9606367,12.5184262,drinking,yes,,node/6439853127
"POINT (12.4648805 41.9304825)",,41.9304825,12.4648805,drinking_water,yes,,node/6433864725
"POINT (12.482795 41.8720971)",,41.8720971,12.482795,nasone,,,node/6427696156
"POINT (12.4754331 41.893558)",,41.893558,12.4754331,nasone,,,node/6426417754
"POINT (12.4400224 41.9027722)",,41.9027722,12.4400224,nasone,,,node/6417720318
"POINT (12.536356 41.8969309)",,41.8969309,12.536356,drinking_water,yes,,node/6401816622
"POINT (12.5445273 41.8595503)",,41.8595503,12.5445273,drinking_water,,,node/6394077608
"POINT (12.5256616 41.9058728)",,41.9058728,12.5256616,drinking_water,,,node/6361380153
"POINT (12.4936946 41.8939824)",,41.8939824,12.4936946,drinking_water,,,node/6280605307
"POINT (12.5325223 41.8683635)",,41.8683635,12.5325223,drinking_water,,,node/6258658085
"POINT (12.5248908 41.9141703)",,41.9141703,12.5248908,drinking_water,,,node/6249294887
"POINT (12.5200394 41.9081041)",,41.9081041,12.5200394,nasone,,,node/6242864225
"POINT (12.5840645 41.8769355)",,41.8769355,12.5840645,bubbler,,,node/6241505293
"POINT (12.5784868 41.8816731)",,41.8816731,12.5784868,drinking_water,yes,,node/6241487208
"POINT (12.5409963 41.9492876)",,41.9492876,12.5409963,drinking_water,,,node/6211526986
"POINT (12.4613336 41.9194908)",,41.9194908,12.4613336,nasone,,,node/6208038148
"POINT (12.478927 41.8929075)",,41.8929075,12.478927,bubbler,,,node/6205713285
"POINT (12.4583578 41.9061566)",,41.9061566,12.4583578,nasone,,,node/6198525507
"POINT (12.4757896 41.9346842)",,41.9346842,12.4757896,nasone,,,node/6173182816
"POINT (12.5230344 41.9022915)",,41.9022915,12.5230344,drinking_water,,,node/6166692772
"POINT (12.5588414 41.8529176)",,41.8529176,12.5588414,nasone,,,node/6090390287
"POINT (12.4644857 41.9312459)",,41.9312459,12.4644857,drinking_water,,,node/6085869863
"POINT (12.5145494 41.8957528)",,41.8957528,12.5145494,drinking_water,,,node/6073117146
"POINT (12.5570756 41.9498435)",,41.9498435,12.5570756,drinking_water,,,node/6017460671
"POINT (12.4694523 41.9371321)",,41.9371321,12.4694523,nasone,,,node/6009539520
"POINT (12.4958903 41.8698711)",,41.8698711,12.4958903,nasone,,,node/6002420460
"POINT (12.5236815 41.9045057)",,41.9045057,12.5236815,drinking_water,,,node/5991691219
"POINT (12.4539163 41.895187)",,41.895187,12.4539163,nasone,,,node/5985581835
"POINT (12.5229697 41.9033046)",,41.9033046,12.5229697,drinking_water,,,node/5983183612
"POINT (12.4626092 41.9391646)",,41.9391646,12.4626092,drinking_water,,,node/5971136361
"POINT (12.5062668 41.9100125)",,41.9100125,12.5062668,drinking_water,,,node/5950709211
"POINT (12.4817966 41.8470074)",,41.8470074,12.4817966,nasone,,,node/5922788382
"POINT (12.5371699 41.859216)",,41.859216,12.5371699,drinking_water,,,node/5900372886
"POINT (12.5410066 41.856844)",,41.856844,12.5410066,nasone,,,node/5900372885
"POINT (12.5086907 41.8804707)",,41.8804707,12.5086907,nasone,,,node/5890483036
"POINT (12.5206581 41.9036564)",,41.9036564,12.5206581,drinking_water,,,node/5879713140
"POINT (12.4670592 41.8732537)",,41.8732537,12.4670592,nasone,,,node/5842514652
"POINT (12.5130897 41.9230551)",,41.9230551,12.5130897,drinking_water,,,node/5838541485
"POINT (12.4884569 41.8880861)",,41.8880861,12.4884569,drinking_water,,,node/5801329944
"POINT (12.4608725 41.9344118)",,41.9344118,12.4608725,nasone,,,node/5792136802
"POINT (12.4599606 41.9352718)",,41.9352718,12.4599606,nasone,,,node/5792136801
"POINT (12.46043 41.9348009)",,41.9348009,12.46043,nasone,,,node/5792136800
"POINT (12.510789 41.8352803)",,41.8352803,12.510789,nasone,,,node/5758045881
"POINT (12.4938168 41.8412053)",,41.8412053,12.4938168,nasone,,,node/5758045023
"POINT (12.478712 41.8849679)",,41.8849679,12.478712,nasone,,,node/5747437099
"POINT (12.3088845 41.7201301)",,41.7201301,12.3088845,nasone,,,node/5738324321
"POINT (12.5370039 41.8831018)",,41.8831018,12.5370039,nasone,,,node/5736991466
"POINT (12.4923174 41.8936702)",,41.8936702,12.4923174,nasone,,,node/5732659653
"POINT (12.5707351 41.8858456)",,41.8858456,12.5707351,nasone,,,node/5728882921
"POINT (12.4648979 41.8276674)",,41.8276674,12.4648979,nasone,,,node/5728136028
"POINT (12.6209472 41.8729)",,41.8729,12.6209472,drinking_water,,,node/5669980366
"POINT (12.5851317 41.8349788)",,41.8349788,12.5851317,drinking_water,,,node/5628405416
"POINT (12.6001686 41.9417308)",,41.9417308,12.6001686,drinking_water,,,node/5602227069
"POINT (12.5982386 41.946623)",,41.946623,12.5982386,drinking_water,,,node/5602227065
"POINT (12.5999821 41.9437052)",,41.9437052,12.5999821,drinking_water,,,node/5602227063
"POINT (12.6015029 41.9479413)",,41.9479413,12.6015029,drinking_water,,,node/5602227052
"POINT (12.601271 41.9419063)",,41.9419063,12.601271,drinking_water,,,node/5602217433
"POINT (12.6020441 41.949884)",,41.949884,12.6020441,drinking_water,,,node/5602212087
"POINT (12.414931 41.9824297)",,41.9824297,12.414931,drinking,,,node/5597337159
"POINT (12.484602 41.8699652)",,41.8699652,12.484602,nasone,,,node/5578072257
"POINT (12.5264499 41.905498)",,41.905498,12.5264499,drinking_water,,,node/5574714298
"POINT (12.5694724 41.8884831)",,41.8884831,12.5694724,drinking,,,node/5570731332
"POINT (12.491523 41.8917992)",,41.8917992,12.491523,nasone,,,node/5535092255
"POINT (12.4746456 41.9296278)",,41.9296278,12.4746456,nasone,,,node/5486199647
"POINT (12.4627499 41.9154911)",,41.9154911,12.4627499,nasone,,,node/5467922930
"POINT (12.4675132 41.9172985)",,41.9172985,12.4675132,nasone,,,node/5467922921
"POINT (12.4689855 41.8354879)",,41.8354879,12.4689855,nasone,yes,,node/5456516654
"POINT (12.5311732 41.9357731)",,41.9357731,12.5311732,drinking,,,node/5436140511
"POINT (12.5151266 41.9024603)",,41.9024603,12.5151266,bubbler,,,node/5428648755
"POINT (12.4765943 41.8879054)",,41.8879054,12.4765943,drinking_water,,,node/5426719923
"POINT (12.4781407 41.888539)",,41.888539,12.4781407,nasone,,,node/5426719922
"POINT (12.5137475 41.9839726)",,41.9839726,12.5137475,nasone,yes,,node/5418785524
"POINT (12.4164229 41.9390952)",,41.9390952,12.4164229,drinking_water,,,node/5416654086
"POINT (12.4702482 41.8549211)",,41.8549211,12.4702482,drinking_water,,,node/5403935872
"POINT (12.4685682 41.8754391)",,41.8754391,12.4685682,nasone,yes,,node/5401682644
"POINT (12.4729504 41.8678025)",,41.8678025,12.4729504,drinking_water,,,node/5401056270
"POINT (12.5008283 41.9199125)",,41.9199125,12.5008283,nasone,,,node/5373723799
"POINT (12.4973968 41.8913872)",,41.8913872,12.4973968,drinking,,not a nasone, historic drinking fountain,node/5340252322
"POINT (12.4978518 41.8912427)",,41.8912427,12.4978518,drinking,,not a nasone, historic drinking fountain,node/5340247517
"POINT (12.4767299 41.8993844)",,41.8993844,12.4767299,nasone,,,node/5324611996
"POINT (12.4839181 41.8986925)",,41.8986925,12.4839181,drinking,,,node/5316361874
"POINT (12.490124 41.8863528)",,41.8863528,12.490124,nasone,,,node/5314059440
"POINT (12.4529734 41.9088616)",,41.9088616,12.4529734,nasone,,,node/5312498280
"POINT (12.5490656 41.8786586)",,41.8786586,12.5490656,nasone,private,,node/5274092368
"POINT (12.5905837 41.9013051)",,41.9013051,12.5905837,nasone,,,node/5270442444
"POINT (12.4709577 41.9000488)",,41.9000488,12.4709577,drinking_water,,,node/5265667721
"POINT (12.3707565 41.781714)",,41.781714,12.3707565,drinking_water,,,node/5263847763
"POINT (12.4921738 41.869954)",,41.869954,12.4921738,nasone,,,node/5222950839
"POINT (12.4856052 41.84358)",,41.84358,12.4856052,nasone,,,node/5203877866
"POINT (12.555313 41.8902203)",,41.8902203,12.555313,nasone,yes,,node/5202541073
"POINT (12.5680553 41.9275033)",,41.9275033,12.5680553,drinking_water,,,node/5187892991
"POINT (12.5132705 41.8908131)",,41.8908131,12.5132705,nasone,yes,,node/5182512062
"POINT (12.4644445 41.8831653)",,41.8831653,12.4644445,drinking,,,node/5169986803
"POINT (12.4931902 41.8955726)",,41.8955726,12.4931902,nasone,yes,,node/5167443540
"POINT (12.4623104 41.8846937)",,41.8846937,12.4623104,drinking,,,node/5167180879
"POINT (12.4636329 41.884693)",,41.884693,12.4636329,drinking_water,,,node/5167177172
"POINT (12.5421295 41.857816)",,41.857816,12.5421295,drinking_water,,,node/5160523049
"POINT (12.5363915 41.8613941)",,41.8613941,12.5363915,nasone,,,node/5126273263
"POINT (12.4656038 41.9476005)",,41.9476005,12.4656038,drinking_water,,,node/5110703823
"POINT (12.4701707 41.8953899)",,41.8953899,12.4701707,nasone,,,node/5108982397
"POINT (12.4466818 41.86508)",,41.86508,12.4466818,drinking,,,node/5099153325
"POINT (12.5390576 41.8648319)",,41.8648319,12.5390576,drinking_water,,,node/5091128837
"POINT (12.4716317 41.867499)",,41.867499,12.4716317,nasone,,,node/5079813321
"POINT (12.4581431 41.877817)",,41.877817,12.4581431,nasone,,,node/5048201303
"POINT (12.5493873 41.8909614)",,41.8909614,12.5493873,nasone,,,node/5048146506
"POINT (12.5337855 41.8831121)",,41.8831121,12.5337855,nasone,,,node/5043344975
"POINT (12.5450339 41.8786778)",,41.8786778,12.5450339,drinking,,,node/5043287401
"POINT (12.5492351 41.9505302)",,41.9505302,12.5492351,drinking,,,node/5042700222
"POINT (12.5701904 41.9299127)",,41.9299127,12.5701904,drinking,,,node/5039867922
"POINT (12.5701707 41.929287)",,41.929287,12.5701707,drinking,,,node/5039867921
"POINT (12.5670476 41.932462)",,41.932462,12.5670476,drinking_water,,,node/5039823822
"POINT (12.4715673 41.8166347)",,41.8166347,12.4715673,nasone,,,node/5039484923
"POINT (12.4684266 41.8176659)",,41.8176659,12.4684266,drinking_water,,,node/5039484922
"POINT (12.5701127 41.926981)",,41.926981,12.5701127,drinking,,,node/5039389622
"POINT (12.5674423 41.9345772)",,41.9345772,12.5674423,nasone,,,node/5039389621
"POINT (12.2640354 41.7338234)",,41.7338234,12.2640354,drinking_water,,,node/5038932023
"POINT (12.4232758 41.8679873)",,41.8679873,12.4232758,drinking_water,,,node/5035246372
"POINT (12.4614291 41.9031225)",,41.9031225,12.4614291,nasone,,,node/5029614660
"POINT (12.4708497 41.9004304)",,41.9004304,12.4708497,nasone,,,node/5028358421
"POINT (12.4796055 41.8946273)",,41.8946273,12.4796055,drinking_water,,,node/5028312325
"POINT (12.5050469 41.9121179)",,41.9121179,12.5050469,nasone,,,node/5009256923
"POINT (12.2832675 41.7284854)",,41.7284854,12.2832675,nasone,,,node/5002853578
"POINT (12.4504389 41.8953367)",,41.8953367,12.4504389,drinking,,,node/4982667014
"POINT (12.5531024 41.9465002)",,41.9465002,12.5531024,nasone,,,node/4977400660
"POINT (12.5509125 41.8625816)",,41.8625816,12.5509125,drinking_water,,,node/4964232721
"POINT (12.5502647 41.8652296)",,41.8652296,12.5502647,nasone,,,node/4959098277
"POINT (12.5673967 41.8880582)",,41.8880582,12.5673967,nasone,yes,,node/4958244463
"POINT (12.4941292 41.8518084)",,41.8518084,12.4941292,nasone,,,node/4954580925
"POINT (12.4634239 41.8541888)",,41.8541888,12.4634239,nasone,,,node/4952745846
"POINT (12.4863668 41.9028347)",,41.9028347,12.4863668,drinking,,,node/4934063073
"POINT (12.5735201 41.9234584)",,41.9234584,12.5735201,nasone,,,node/4932039076
"POINT (12.5238039 41.9594544)",,41.9594544,12.5238039,nasone,,,node/4932035523
"POINT (12.5241139 41.958794)",,41.958794,12.5241139,nasone,,,node/4932033040
"POINT (12.5238039 41.9584527)",,41.9584527,12.5238039,nasone,,,node/4932032890
"POINT (12.4827829 41.8291736)",,41.8291736,12.4827829,drinking_water,,,node/4928750397
"POINT (12.4822473 41.8308389)",,41.8308389,12.4822473,drinking_water,private,,node/4927061052
"POINT (12.4545928 41.8994593)",,41.8994593,12.4545928,nasone,,,node/4920531725
"POINT (12.6206393 41.8670082)",,41.8670082,12.6206393,drinking_water,,,node/4907710507
"POINT (12.5640369 41.8781002)",,41.8781002,12.5640369,drinking_water,,,node/4907040923
"POINT (12.3914895 41.6746041)",,41.6746041,12.3914895,drinking_water,,,node/4905364285
"POINT (12.5774933 41.8810678)",,41.8810678,12.5774933,drinking_water,,,node/4895043537
"POINT (12.4526234 42.0264878)",,42.0264878,12.4526234,drinking_water,,,node/4893295007
"POINT (12.6786566 41.8945768)",,41.8945768,12.6786566,drinking_water,,,node/4880156508
"POINT (12.6793484 41.8927058)",,41.8927058,12.6793484,drinking_water,,,node/4880156506
"POINT (12.6803136 41.8976573)",,41.8976573,12.6803136,drinking_water,,,node/4880156505
"POINT (12.5137392 41.9219134)",,41.9219134,12.5137392,nasone,,,node/4870735121
"POINT (12.5152835 41.9213711)",,41.9213711,12.5152835,drinking_water,,,node/4870734621
"POINT (12.5423371 41.9128124)",,41.9128124,12.5423371,drinking_water,,,node/4864400010
"POINT (12.676506 41.905603)",,41.905603,12.676506,drinking_water,yes,,node/4864399997
"POINT (12.5471209 41.9149107)",,41.9149107,12.5471209,drinking_water,,,node/4864399996
"POINT (12.5466378 41.9144415)",,41.9144415,12.5466378,drinking_water,,,node/4864399995
"POINT (12.4839051 41.8656815)",,41.8656815,12.4839051,drinking,,,node/4826144910
"POINT (12.5897792 41.8994712)",,41.8994712,12.5897792,drinking_water,,,node/4795472428
"POINT (12.586351 41.8969413)",,41.8969413,12.586351,drinking_water,,,node/4795379947
"POINT (12.4885472 41.9078194)",,41.9078194,12.4885472,drinking_water,,,node/4793929923
"POINT (12.3270891 42.0620651)",,42.0620651,12.3270891,drinking_water,,,node/4793473813
"POINT (12.3019226 41.7562134)",,41.7562134,12.3019226,drinking_water,,,node/4789874628
"POINT (12.4278085 41.895616)",,41.895616,12.4278085,drinking_water,,,node/4786150566
"POINT (12.4267514 41.8956855)",,41.8956855,12.4267514,drinking_water,,,node/4786004027
"POINT (12.2719209 41.7402276)",,41.7402276,12.2719209,drinking_water,,,node/4773606224
"POINT (12.5540347 41.8590569)",,41.8590569,12.5540347,nasone,,,node/4756888611
"POINT (12.5568634 41.8569361)",,41.8569361,12.5568634,drinking_water,,,node/4756888604
"POINT (12.5428017 41.880797)",,41.880797,12.5428017,nasone,,,node/4754161325
"POINT (12.6250519 41.8527904)",,41.8527904,12.6250519,drinking_water,,,node/4747403055
"POINT (12.6244484 41.8526815)",,41.8526815,12.6244484,drinking_water,,,node/4747403054
"POINT (12.5290382 41.884774)",,41.884774,12.5290382,nasone,,,node/4747280690
"POINT (12.540425 41.8824473)",,41.8824473,12.540425,drinking_water,,,node/4741926463
"POINT (12.4756049 41.9093037)",,41.9093037,12.4756049,nasone,,,node/4732645569
"POINT (12.5368733 41.9371511)",,41.9371511,12.5368733,drinking_water,,,node/4731211953
"POINT (12.4933388 41.8588397)",,41.8588397,12.4933388,roman_wolf,,,node/4729313375
"POINT (12.3043595 41.7563197)",,41.7563197,12.3043595,drinking_water,,,node/4706132182
"POINT (12.5431667 41.889423)",,41.889423,12.5431667,drinking_water,,,node/4699551893
"POINT (12.4382241 41.9012973)",,41.9012973,12.4382241,drinking_water,,,node/4683394127
"POINT (12.5579751 41.8801996)",,41.8801996,12.5579751,nasone,,,node/4681626055
"POINT (12.5171662 41.8857042)",,41.8857042,12.5171662,drinking_water,,,node/4680258491
"POINT (12.4713358 41.866076)",,41.866076,12.4713358,nasone,,,node/4658940354
"POINT (12.6201863 41.832844)",,41.832844,12.6201863,drinking_water,,,node/4622115189
"POINT (12.4620803 41.9444834)",,41.9444834,12.4620803,drinking_water,,,node/4612502049
"POINT (12.4900711 41.9307663)",,41.9307663,12.4900711,drinking_water,,,node/4577562589
"POINT (12.4349195 41.8971324)",,41.8971324,12.4349195,nasone,,,node/4554725596
"POINT (12.4618428 41.8247034)",,41.8247034,12.4618428,drinking_water,,,node/4547647589
"POINT (12.5351298 41.9006431)",,41.9006431,12.5351298,drinking_water,,,node/4514854791
"POINT (12.4528815 41.8204977)",,41.8204977,12.4528815,drinking_water,,,node/4487349592
"POINT (12.4528302 41.8184315)",,41.8184315,12.4528302,drinking_water,,,node/4485604890
"POINT (12.4557614 41.8200292)",,41.8200292,12.4557614,drinking_water,,,node/4485604889
"POINT (12.4981966 41.9027074)",,41.9027074,12.4981966,nasone,customers,,node/4485188613
"POINT (12.5962382 41.8377106)",,41.8377106,12.5962382,nasone,,,node/4477472617
"POINT (12.4724923 41.8851516)",,41.8851516,12.4724923,nasone,,,node/4474577790
"POINT (12.3241906 41.8468011)",,41.8468011,12.3241906,drinking_water,,,node/4471283034
"POINT (12.4679881 41.854344)",,41.854344,12.4679881,nasone,,,node/4459615012
"POINT (12.4960779 41.9110902)",,41.9110902,12.4960779,nasone,,,node/4454926260
"POINT (12.4925355 41.9155941)",,41.9155941,12.4925355,drinking,,,node/4450364080
"POINT (12.4594548 41.903756)",,41.903756,12.4594548,nasone,,,node/4413153091
"POINT (12.4709562 41.8813209)",,41.8813209,12.4709562,nasone,,,node/4412504389
"POINT (12.5592368 41.8615104)",,41.8615104,12.5592368,drinking_water,,,node/4410572992
"POINT (12.6455561 41.8250973)",,41.8250973,12.6455561,drinking_water,,,node/4409754033
"POINT (12.5898412 41.9038268)",,41.9038268,12.5898412,drinking_water,,,node/4407033814
"POINT (12.5911474 41.8985528)",,41.8985528,12.5911474,drinking_water,,,node/4407028781
"POINT (12.6734572 41.8690791)",,41.8690791,12.6734572,drinking_water,,,node/4405623789
"POINT (12.6711059 41.9017071)",,41.9017071,12.6711059,drinking_water,,,node/4396998691
"POINT (12.5177436 41.9084421)",,41.9084421,12.5177436,drinking_water,,fontanella acqua potabile come indicato su cycle map,node/4393157076
"POINT (12.5938414 41.849227)",,41.849227,12.5938414,drinking_water,,,node/4385525294
"POINT (12.5865099 41.8501576)",,41.8501576,12.5865099,drinking_water,,,node/4338718788
"POINT (12.5778279 41.8791428)",,41.8791428,12.5778279,drinking_water,,,node/4335425515
"POINT (12.5686981 41.8694061)",,41.8694061,12.5686981,nasone,,,node/4331005857
"POINT (12.5913251 41.8478535)",,41.8478535,12.5913251,drinking_water,,,node/4327756429
"POINT (12.5831135 41.8533223)",,41.8533223,12.5831135,drinking_water,,,node/4327750171
"POINT (12.6102264 41.8614008)",,41.8614008,12.6102264,drinking_water,,,node/4322206514
"POINT (12.6082009 41.8616698)",,41.8616698,12.6082009,drinking_water,,,node/4322201952
"POINT (12.6074727 41.8617966)",,41.8617966,12.6074727,drinking_water,,,node/4322197641
"POINT (12.4808777 41.9595337)",,41.9595337,12.4808777,drinking_water,,,node/4321357668
"POINT (12.4814947 41.9595228)",,41.9595228,12.4814947,drinking_water,,,node/4321357667
"POINT (12.3396787 41.7043723)",,41.7043723,12.3396787,drinking_water,,,node/4310822705
"POINT (12.546716 41.9208337)",,41.9208337,12.546716,drinking,,,node/4305746491
"POINT (12.565523 41.8810853)",,41.8810853,12.565523,drinking_water,,,node/4291426912
"POINT (12.5674956 41.8810144)",,41.8810144,12.5674956,drinking,,,node/4291420108
"POINT (12.5719005 41.880814)",,41.880814,12.5719005,drinking_water,,,node/4291396689
"POINT (12.5761148 41.8809873)",,41.8809873,12.5761148,drinking_water,yes,,node/4291383518
"POINT (12.5446876 41.8753319)",,41.8753319,12.5446876,nasone,,,node/4286603741
"POINT (12.6153182 41.8880732)",,41.8880732,12.6153182,drinking_water,,,node/4285023510
"POINT (12.575365 41.8610019)",,41.8610019,12.575365,drinking_water,,,node/4278069105
"POINT (12.5751255 41.8608287)",,41.8608287,12.5751255,drinking_water,,,node/4278062825
"POINT (12.5733118 41.8598048)",,41.8598048,12.5733118,drinking_water,,,node/4278060442
"POINT (12.6438753 41.8598192)",,41.8598192,12.6438753,drinking_water,,,node/4273289233
"POINT (12.488373 41.8995791)",,41.8995791,12.488373,bubbler,,,node/4271278053
"POINT (12.5398423 41.9082924)",,41.9082924,12.5398423,nasone,,,node/4270275789
"POINT (12.5770544 41.8848638)",,41.8848638,12.5770544,drinking_water,,,node/4269897689
"POINT (12.5901089 41.8546949)",,41.8546949,12.5901089,drinking_water,,,node/4266234724
"POINT (12.6183615 41.8586351)",,41.8586351,12.6183615,drinking_water,,,node/4266227833
"POINT (12.6292948 41.8131002)",,41.8131002,12.6292948,drinking_water,,,node/4262376112
"POINT (12.4450213 41.8161616)",,41.8161616,12.4450213,drinking_water,,,node/4258461689
"POINT (12.6236356 41.8526042)",,41.8526042,12.6236356,drinking_water,,,node/4257280874
"POINT (12.5456844 41.8744699)",,41.8744699,12.5456844,drinking,,,node/4251796489
"POINT (12.577613 41.8672354)",,41.8672354,12.577613,drinking,,,node/4251794590
"POINT (12.5604803 41.9191867)",,41.9191867,12.5604803,drinking_water,,,node/4247053986
"POINT (12.5205065 41.8720559)",,41.8720559,12.5205065,drinking_water,,,node/4244960720
"POINT (12.5429283 41.8778786)",,41.8778786,12.5429283,drinking,,,node/4244920205
"POINT (12.6294293 41.8792312)",,41.8792312,12.6294293,drinking_water,,,node/4241966995
"POINT (12.6320162 41.868654)",,41.868654,12.6320162,drinking_water,,,node/4241965536
"POINT (12.5181408 41.9661971)",,41.9661971,12.5181408,drinking_water,,,node/4237175172
"POINT (12.5650499 41.9126955)",,41.9126955,12.5650499,drinking_water,,,node/4235497728
"POINT (12.5634562 41.9140253)",,41.9140253,12.5634562,nasone,,,node/4235492069
"POINT (12.5609363 41.9154552)",,41.9154552,12.5609363,nasone,yes,,node/4235491109
"POINT (12.4746912 41.9084858)",,41.9084858,12.4746912,drinking_water,,,node/4234653009
"POINT (12.6853007 41.8628177)",,41.8628177,12.6853007,drinking_water,,,node/4230863177
"POINT (12.5507602 41.9054501)",,41.9054501,12.5507602,drinking_water,,,node/4229948341
"POINT (12.5671551 41.8854158)",,41.8854158,12.5671551,nasone,yes,,node/4229143019
"POINT (12.5895005 41.8806452)",,41.8806452,12.5895005,drinking_water,,,node/4229140360
"POINT (12.5804528 41.8897235)",,41.8897235,12.5804528,drinking_water,,,node/4229135990
"POINT (12.5750871 41.8901473)",,41.8901473,12.5750871,drinking_water,,,node/4229129989
"POINT (12.5767413 41.9146221)",,41.9146221,12.5767413,drinking_water,,,node/4225378789
"POINT (12.5634982 41.9129505)",,41.9129505,12.5634982,nasone,,,node/4225371834
"POINT (12.5616907 41.9147148)",,41.9147148,12.5616907,nasone,,,node/4225368996
"POINT (12.5668695 41.9126275)",,41.9126275,12.5668695,nasone,yes,,node/4225361079
"POINT (12.5748852 41.8932635)",,41.8932635,12.5748852,nasone,,,node/4225356002
"POINT (12.6842583 41.8629158)",,41.8629158,12.6842583,drinking_water,,,node/4221786351
"POINT (12.6022625 41.8586603)",,41.8586603,12.6022625,drinking_water,,,node/4219782589
"POINT (12.5695342 41.8753174)",,41.8753174,12.5695342,drinking_water,,,node/4218738695
"POINT (12.5669136 41.8838872)",,41.8838872,12.5669136,nasone,,,node/4218731179
"POINT (12.6208301 41.8604857)",,41.8604857,12.6208301,drinking_water,,,node/4217885176
"POINT (12.5585653 41.897907)",,41.897907,12.5585653,drinking_water,,,node/4215977567
"POINT (12.6435247 41.8594755)",,41.8594755,12.6435247,drinking_water,,,node/4214388504
"POINT (12.5873261 41.8795888)",,41.8795888,12.5873261,drinking_water,,,node/4213098358
"POINT (12.5859109 41.8804156)",,41.8804156,12.5859109,drinking_water,,,node/4213077802
"POINT (12.5588872 41.8968279)",,41.8968279,12.5588872,drinking_water,,,node/4211309099
"POINT (12.5194486 41.9011761)",,41.9011761,12.5194486,nasone,,,node/4211302026
"POINT (12.5199167 41.9176464)",,41.9176464,12.5199167,drinking_water,,,node/4211288534
"POINT (12.5628481 41.8863858)",,41.8863858,12.5628481,nasone,yes,,node/4211276852
"POINT (12.5505844 41.9057865)",,41.9057865,12.5505844,drinking_water,,,node/4211276585
"POINT (12.5169862 41.9621851)",,41.9621851,12.5169862,drinking_water,,,node/4210685164
"POINT (12.5250494 41.9592157)",,41.9592157,12.5250494,drinking_water,,,node/4210500582
"POINT (12.5485136 41.8435507)",,41.8435507,12.5485136,drinking_water,,,node/4210383004
"POINT (12.5574776 41.8306996)",,41.8306996,12.5574776,drinking_water,,,node/4209583523
"POINT (12.5752768 41.833471)",,41.833471,12.5752768,drinking_water,,,node/4209578225
"POINT (12.5763966 41.8312771)",,41.8312771,12.5763966,drinking_water,,,node/4209578224
"POINT (12.5757086 41.8346416)",,41.8346416,12.5757086,drinking_water,,,node/4209568457
"POINT (12.6169008 41.858381)",,41.858381,12.6169008,drinking_water,,,node/4208039244
"POINT (12.616312 41.8581822)",,41.8581822,12.616312,drinking_water,,,node/4208039243
"POINT (12.5862973 41.8524362)",,41.8524362,12.5862973,drinking_water,,,node/4207991148
"POINT (12.6131228 41.8590782)",,41.8590782,12.6131228,drinking_water,,,node/4207986555
"POINT (12.6121733 41.858832)",,41.858832,12.6121733,drinking_water,,,node/4207986554
"POINT (12.5739226 41.9242818)",,41.9242818,12.5739226,drinking_water,,,node/4204472889
"POINT (12.6304981 41.8400477)",,41.8400477,12.6304981,drinking_water,,,node/4204232489
"POINT (12.3928294 41.8990088)",,41.8990088,12.3928294,drinking_water,,,node/4203135147
"POINT (12.6226695 41.8690475)",,41.8690475,12.6226695,drinking_water,,,node/4202245431
"POINT (12.5664626 41.8772958)",,41.8772958,12.5664626,drinking_water,,,node/4200357269
"POINT (12.5936026 41.8699914)",,41.8699914,12.5936026,drinking_water,,,node/4200357016
"POINT (12.5929582 41.8679406)",,41.8679406,12.5929582,drinking_water,,,node/4200342873
"POINT (12.6080651 41.8385836)",,41.8385836,12.6080651,drinking_water,,,node/4200330990
"POINT (12.6432654 41.8605771)",,41.8605771,12.6432654,drinking_water,,,node/4200256998
"POINT (12.6258767 41.865748)",,41.865748,12.6258767,drinking_water,,,node/4200237899
"POINT (12.6170991 41.8714024)",,41.8714024,12.6170991,drinking_water,,,node/4200231231
"POINT (12.5749409 41.8562067)",,41.8562067,12.5749409,drinking_water,,,node/4200229944
"POINT (12.66462 41.8585923)",,41.8585923,12.66462,drinking_water,,,node/4200226935
"POINT (12.612073 41.8630753)",,41.8630753,12.612073,drinking_water,,,node/4200219191
"POINT (12.587155 41.8939089)",,41.8939089,12.587155,drinking,,,node/4200025107
"POINT (12.6194076 41.8630664)",,41.8630664,12.6194076,drinking_water,,,node/4200018662
"POINT (12.6190882 41.8763522)",,41.8763522,12.6190882,drinking_water,,,node/4200003789
"POINT (12.6188414 41.873673)",,41.873673,12.6188414,drinking_water,,,node/4199998514
"POINT (12.6219486 41.8714842)",,41.8714842,12.6219486,drinking_water,,,node/4199992093
"POINT (12.6209635 41.8644654)",,41.8644654,12.6209635,drinking_water,,,node/4199989789
"POINT (12.5786376 41.8775178)",,41.8775178,12.5786376,drinking_water,,,node/4199988497
"POINT (12.2843897 41.9032039)",,41.9032039,12.2843897,drinking_water,,,node/4199966793
"POINT (12.636114 41.8645732)",,41.8645732,12.636114,drinking_water,,,node/4199959710
"POINT (12.5757927 41.8677697)",,41.8677697,12.5757927,drinking,,,node/4173227894
"POINT (12.2966993 41.7232428)",,41.7232428,12.2966993,drinking_water,,,node/4158933998
"POINT (12.5042344 41.9253182)",,41.9253182,12.5042344,drinking_water,,,node/4150884514
"POINT (12.5741257 41.8694241)",,41.8694241,12.5741257,nasone,,,node/4146893969
"POINT (12.3901547 41.9013332)",,41.9013332,12.3901547,nasone,,,node/4113832932
"POINT (12.658107 41.9179885)",,41.9179885,12.658107,nasone,,,node/4103755313
"POINT (12.5434933 41.8753869)",,41.8753869,12.5434933,nasone,,,node/4095691132
"POINT (12.5411537 41.8744976)",,41.8744976,12.5411537,nasone,,,node/4092720013
"POINT (12.2781444 41.7293687)",,41.7293687,12.2781444,drinking_water,,,node/4092329829
"POINT (12.479498 41.8592652)",,41.8592652,12.479498,drinking,private,,node/4023293265
"POINT (12.6051808 41.835793)",,41.835793,12.6051808,drinking_water,,,node/4012701473
"POINT (12.3777749 41.7753206)",,41.7753206,12.3777749,drinking_water,,,node/4007230711
"POINT (12.3793558 41.7780521)",,41.7780521,12.3793558,drinking_water,,,node/4007230316
"POINT (12.3776601 41.77728)",,41.77728,12.3776601,drinking_water,,,node/4007230315
"POINT (12.3778288 41.7769106)",,41.7769106,12.3778288,drinking_water,,,node/4007230314
"POINT (12.3771719 41.776864)",,41.776864,12.3771719,drinking_water,,,node/4007230313
"POINT (12.4222753 41.9291515)",,41.9291515,12.4222753,drinking_water,,,node/3992606482
"POINT (12.452025 41.8955947)",,41.8955947,12.452025,drinking,,,node/3971000486
"POINT (12.5432079 41.926371)",,41.926371,12.5432079,drinking_water,,,node/3969450899
"POINT (12.6889554 41.864813)",,41.864813,12.6889554,drinking_water,,,node/3969349412
"POINT (12.6952535 41.8652235)",,41.8652235,12.6952535,drinking_water,,,node/3969333552
"POINT (12.6729472 41.8659773)",,41.8659773,12.6729472,drinking_water,,,node/3967146831
"POINT (12.6895634 41.870884)",,41.870884,12.6895634,drinking_water,,,node/3967129360
"POINT (12.6803527 41.868213)",,41.868213,12.6803527,drinking_water,,,node/3967087254
"POINT (12.6772113 41.868012)",,41.868012,12.6772113,nasone,,,node/3967032697
"POINT (12.6730354 41.891383)",,41.891383,12.6730354,drinking_water,,,node/3967003530
"POINT (12.68809 41.894362)",,41.894362,12.68809,drinking_water,,,node/3966962118
"POINT (12.7083617 41.9006181)",,41.9006181,12.7083617,drinking_water,,,node/3966912605
"POINT (12.7112327 41.906424)",,41.906424,12.7112327,drinking_water,,,node/3966883587
"POINT (12.7091247 41.9041371)",,41.9041371,12.7091247,drinking_water,,,node/3966880693
"POINT (12.4132612 41.9033141)",,41.9033141,12.4132612,drinking_water,,,node/3965005836
"POINT (12.388634 41.897538)",,41.897538,12.388634,drinking_water,,,node/3964975046
"POINT (12.3691967 41.9251935)",,41.9251935,12.3691967,drinking_water,,,node/3964948463
"POINT (12.3672941 41.926487)",,41.926487,12.3672941,drinking_water,,,node/3964810076
"POINT (12.4010268 41.9312147)",,41.9312147,12.4010268,drinking_water,,,node/3964769694
"POINT (12.3834989 41.9263108)",,41.9263108,12.3834989,drinking_water,,,node/3964721011
"POINT (12.3877086 41.927104)",,41.927104,12.3877086,drinking_water,,,node/3964712346
"POINT (12.4735295 41.8762254)",,41.8762254,12.4735295,nasone,,,node/3964515546
"POINT (12.4780295 41.9041637)",,41.9041637,12.4780295,bubbler,,,node/3901523314
"POINT (12.6573562 41.8684768)",,41.8684768,12.6573562,drinking_water,,,node/3878927137
"POINT (12.5560978 41.9736133)",,41.9736133,12.5560978,drinking_water,,,node/3810934754
"POINT (12.4517726 41.8997428)",,41.8997428,12.4517726,drinking,,,node/3806344866
"POINT (12.4927208 41.8867114)",,41.8867114,12.4927208,drinking_water,,,node/3786621294
"POINT (12.4934389 41.8873381)",,41.8873381,12.4934389,drinking_water,,,node/3785014818
"POINT (12.4766411 41.8869249)",,41.8869249,12.4766411,drinking_water,,,node/3780804950
"POINT (12.512328 41.9288466)",,41.9288466,12.512328,drinking_water,,,node/3777784821
"POINT (12.4486498 41.8953853)",,41.8953853,12.4486498,nasone,,,node/3760870724
"POINT (12.4503061 41.894447)",,41.894447,12.4503061,nasone,,,node/3760870718
"POINT (12.4503049 41.8941787)",,41.8941787,12.4503049,nasone,,,node/3760870717
"POINT (12.4839405 41.8556511)",,41.8556511,12.4839405,nasone,,,node/3753046606
"POINT (12.5106383 41.9251982)",,41.9251982,12.5106383,drinking_water,,,node/3751654257
"POINT (12.6051345 41.8643207)",,41.8643207,12.6051345,drinking_water,,,node/3750694374
"POINT (12.2909684 41.7555846)",,41.7555846,12.2909684,nasone,,,node/3721953612
"POINT (12.5121304 41.928754)",,41.928754,12.5121304,drinking_water,,,node/3669629029
"POINT (12.5215398 41.9265109)",,41.9265109,12.5215398,drinking_water,,,node/3663627670
"POINT (12.5221166 41.9258813)",,41.9258813,12.5221166,drinking_water,,,node/3663627634
"POINT (12.5210946 41.9261397)",,41.9261397,12.5210946,drinking_water,,,node/3663625811
"POINT (12.5218443 41.9262375)",,41.9262375,12.5218443,drinking_water,,,node/3663625756
"POINT (12.5623888 41.8947801)",,41.8947801,12.5623888,nasone,,,node/3654174490
"POINT (12.4824601 41.9142755)",,41.9142755,12.4824601,drinking_water,,,node/3647179424
"POINT (12.4488159 41.8800679)",,41.8800679,12.4488159,nasone,,,node/3632902049
"POINT (12.5692645 41.8963668)",,41.8963668,12.5692645,nasone,,check position,node/3625680243
"POINT (12.5667798 41.895287)",,41.895287,12.5667798,nasone,,,node/3625680242
"POINT (12.5633284 41.8954645)",,41.8954645,12.5633284,nasone,,,node/3619445893
"POINT (12.30105 41.7213003)",,41.7213003,12.30105,drinking_water,,,node/3608652671
"POINT (12.2947004 41.726934)",,41.726934,12.2947004,drinking,,,node/3608652670
"POINT (12.4793142 41.8913464)",,41.8913464,12.4793142,nasone,,,node/3606092352
"POINT (12.4311115 41.7861198)",,41.7861198,12.4311115,nasone,,,node/3604686771
"POINT (12.2871084 41.7281086)",,41.7281086,12.2871084,drinking_water,,,node/3580204805
"POINT (12.4776281 41.9029623)",,41.9029623,12.4776281,drinking_water,,,node/3531834100
"POINT (12.4779559 41.8994982)",,41.8994982,12.4779559,drinking_water,,,node/3531834099
"POINT (12.4815774 41.820378)",,41.820378,12.4815774,drinking_water,,,node/3499191647
"POINT (12.2884668 41.7296262)",,41.7296262,12.2884668,drinking_water,,,node/3486585004
"POINT (12.5130756 41.908059)",,41.908059,12.5130756,drinking_water,,,node/3471933568
"POINT (12.5134565 41.9060414)",,41.9060414,12.5134565,drinking_water,,,node/3471930664
"POINT (12.5109788 41.9086229)",,41.9086229,12.5109788,drinking_water,,,node/3471923482
"POINT (12.5122301 41.9071837)",,41.9071837,12.5122301,drinking_water,,,node/3471914044
"POINT (12.2924178 41.7330467)",,41.7330467,12.2924178,drinking_water,,,node/3469762029
"POINT (12.5540761 41.9310083)",,41.9310083,12.5540761,drinking_water,,,node/3463387021
"POINT (12.3125168 41.7165967)",,41.7165967,12.3125168,drinking_water,,,node/3457447683
"POINT (12.2893989 41.7324409)",,41.7324409,12.2893989,drinking_water,,,node/3455588003
"POINT (12.5632866 41.8732494)",,41.8732494,12.5632866,nasone,yes,,node/3454206477
"POINT (12.4901043 41.9066079)",,41.9066079,12.4901043,bubbler,,for dogs only,node/3447037973
"POINT (12.5098698 41.9164515)",,41.9164515,12.5098698,drinking_water,,,node/3398087229
"POINT (12.5103992 41.916822)",,41.916822,12.5103992,drinking_water,,,node/3398034128
"POINT (12.3068418 41.7180124)",,41.7180124,12.3068418,nasone,,,node/3397995000
"POINT (12.5496236 41.9110142)",,41.9110142,12.5496236,nasone,,,node/3396871489
"POINT (12.555495 41.9148821)",,41.9148821,12.555495,nasone,yes,,node/3396851970
"POINT (12.5651693 41.8828328)",,41.8828328,12.5651693,nasone,,,node/3393888014
"POINT (12.5141663 41.9630644)",,41.9630644,12.5141663,drinking_water,,,node/3386127532
"POINT (12.3790254 41.9585402)",,41.9585402,12.3790254,nasone,,,node/3386062594
"POINT (12.3822715 41.9582141)",,41.9582141,12.3822715,nasone,,,node/3386056288
"POINT (12.3815996 41.955257)",,41.955257,12.3815996,drinking_water,,,node/3386051471
"POINT (12.3835818 41.9572188)",,41.9572188,12.3835818,drinking_water,,,node/3386051290
"POINT (12.3801365 41.954523)",,41.954523,12.3801365,drinking_water,,,node/3386042786
"POINT (12.3826081 41.950333)",,41.950333,12.3826081,nasone,,,node/3386038182
"POINT (12.3806952 41.9493241)",,41.9493241,12.3806952,nasone,,,node/3386036309
"POINT (12.3761957 41.9528644)",,41.9528644,12.3761957,nasone,,,node/3386032844
"POINT (12.3790932 41.9517615)",,41.9517615,12.3790932,nasone,,,node/3386029317
"POINT (12.3779177 41.9507519)",,41.9507519,12.3779177,nasone,,,node/3386019836
"POINT (12.3925111 41.9478365)",,41.9478365,12.3925111,drinking_water,,,node/3385977331
"POINT (12.4351856 41.9099787)",,41.9099787,12.4351856,drinking_water,,,node/3385879625
"POINT (12.4348504 41.9114381)",,41.9114381,12.4348504,drinking_water,,,node/3385874180
"POINT (12.5541492 41.8312384)",,41.8312384,12.5541492,drinking_water,,,node/3382952329
"POINT (12.5881478 41.8577893)",,41.8577893,12.5881478,drinking_water,,,node/3376114893
"POINT (12.4406625 41.9082529)",,41.9082529,12.4406625,drinking_water,,ancora non esce acqua,node/3368369594
"POINT (12.4440774 41.9649644)",,41.9649644,12.4440774,drinking_water,,,node/3358053128
"POINT (12.5043036 41.834658)",,41.834658,12.5043036,nasone,,,node/3357950764
"POINT (12.5006676 41.8362959)",,41.8362959,12.5006676,nasone,,,node/3357938429
"POINT (12.4909733 41.8274371)",,41.8274371,12.4909733,nasone,,,node/3357898799
"POINT (12.4905176 41.8312099)",,41.8312099,12.4905176,nasone,,,node/3357881555
"POINT (12.4216115 41.800514)",,41.800514,12.4216115,drinking_water,,,node/3357741921
"POINT (12.5087109 41.9792267)",,41.9792267,12.5087109,drinking_water,,,node/3346778843
"POINT (12.5608686 41.8548239)",,41.8548239,12.5608686,nasone,,,node/3316623311
"POINT (12.5802893 41.9140575)",,41.9140575,12.5802893,drinking_water,,,node/3297394062
"POINT (12.3990637 41.9579691)",,41.9579691,12.3990637,drinking_water,,,node/3248391105
"POINT (12.5135903 41.8324776)",,41.8324776,12.5135903,drinking_water,,,node/3242620885
"POINT (12.2981453 41.7297634)",,41.7297634,12.2981453,drinking_water,,,node/3231034825
"POINT (12.2987227 41.7315123)",,41.7315123,12.2987227,drinking_water,,,node/3231023698
"POINT (12.3013431 41.7296787)",,41.7296787,12.3013431,drinking_water,,,node/3211985900
"POINT (12.4637499 41.8931714)",,41.8931714,12.4637499,drinking,customers,,node/3141164012
"POINT (12.464326 41.8916118)",,41.8916118,12.464326,bubbler,customers,,node/3141163956
"POINT (12.4673051 41.8751938)",,41.8751938,12.4673051,nasone,,,node/3139782381
"POINT (12.5903238 41.8531319)",,41.8531319,12.5903238,nasone,,check position,node/3129692587
"POINT (12.5937525 41.8517628)",,41.8517628,12.5937525,nasone,,,node/3129684144
"POINT (12.5930144 41.8525885)",,41.8525885,12.5930144,nasone,,,node/3129670661
"POINT (12.5929195 41.8521173)",,41.8521173,12.5929195,nasone,,check position,node/3129670660
"POINT (12.5904382 41.852546)",,41.852546,12.5904382,nasone,,,node/3129640373
"POINT (12.5890945 41.8528939)",,41.8528939,12.5890945,drinking_water,,,node/3129630610
"POINT (12.5666523 41.8226893)",,41.8226893,12.5666523,drinking_water,,,node/3127492390
"POINT (12.4841145 41.8915162)",,41.8915162,12.4841145,nasone,,,node/3098527533
"POINT (12.5644903 41.8764869)",,41.8764869,12.5644903,nasone,,,node/3089770349
"POINT (12.5680281 41.8826957)",,41.8826957,12.5680281,nasone,,,node/3089770306
"POINT (12.6268173 41.8306215)",,41.8306215,12.6268173,drinking_water,,,node/3080195729
"POINT (12.5109066 41.9136008)",,41.9136008,12.5109066,stone_block,,,node/3078216019
"POINT (12.4821627 41.8911658)",,41.8911658,12.4821627,nasone,,,node/3056141350
"POINT (12.46913 41.9371139)",,41.9371139,12.46913,nasone,,,node/3054361626
"POINT (12.4637668 41.862143)",,41.862143,12.4637668,drinking_water,,,node/3050205970
"POINT (12.3684687 41.7340451)",,41.7340451,12.3684687,drinking_water,,,node/2964384564
"POINT (12.5012699 41.9111271)",,41.9111271,12.5012699,nasone,,,node/2963529033
"POINT (12.4418605 41.9086258)",,41.9086258,12.4418605,nasone,,,node/2955958501
"POINT (12.4412686 41.9073052)",,41.9073052,12.4412686,nasone,,,node/2955942622
"POINT (12.6368042 41.8035676)",,41.8035676,12.6368042,drinking,,,node/2926422769
"POINT (12.5255654 41.8842576)",,41.8842576,12.5255654,drinking_water,,,node/2924531713
"POINT (12.2906793 41.755168)",,41.755168,12.2906793,drinking,,,node/2920150567
"POINT (12.4242808 41.93467)",,41.93467,12.4242808,drinking_water,,,node/2919081667
"POINT (12.4242302 41.9342598)",,41.9342598,12.4242302,drinking_water,,,node/2919081666
"POINT (12.4241552 41.9337769)",,41.9337769,12.4241552,drinking_water,,,node/2919081665
"POINT (12.4240639 41.933283)",,41.933283,12.4240639,drinking_water,,,node/2919081664
"POINT (12.4238526 41.9295184)",,41.9295184,12.4238526,drinking_water,,,node/2919081663
"POINT (12.432986 41.9275776)",,41.9275776,12.432986,drinking_water,,,node/2919081662
"POINT (12.4344221 41.9256351)",,41.9256351,12.4344221,drinking_water,,,node/2919081661
"POINT (12.4366398 41.9223375)",,41.9223375,12.4366398,drinking_water,,,node/2919081660
"POINT (12.4406589 41.9070531)",,41.9070531,12.4406589,nasone,,,node/2919081659
"POINT (12.4398337 41.9083596)",,41.9083596,12.4398337,nasone,,,node/2919060501
"POINT (12.4140231 41.9226857)",,41.9226857,12.4140231,drinking_water,,,node/2912326670
"POINT (12.6243196 41.854648)",,41.854648,12.6243196,drinking_water,,,node/2907819762
"POINT (12.5999565 41.8469899)",,41.8469899,12.5999565,drinking_water,,,node/2907250472
"POINT (12.6040731 41.8441288)",,41.8441288,12.6040731,drinking_water,,,node/2907207413
"POINT (12.5535769 41.85423)",,41.85423,12.5535769,drinking,,,node/2906318032
"POINT (12.4470936 41.9651729)",,41.9651729,12.4470936,drinking_water,,,node/2900012001
"POINT (12.542853 41.861958)",,41.861958,12.542853,drinking_water,,,node/2896634819
"POINT (12.3872345 41.6770048)",,41.6770048,12.3872345,drinking,yes,,node/2895504408
"POINT (12.6217409 41.8602821)",,41.8602821,12.6217409,drinking_water,,,node/2895447884
"POINT (12.4373235 41.9362141)",,41.9362141,12.4373235,nasone,,,node/2884611090
"POINT (12.5824489 41.8319045)",,41.8319045,12.5824489,drinking_water,,,node/2883161704
"POINT (12.5058884 41.9057076)",,41.9057076,12.5058884,drinking,,,node/2882375865
"POINT (12.5440763 41.8626464)",,41.8626464,12.5440763,drinking_water,,,node/2881914919
"POINT (12.4759168 41.9328368)",,41.9328368,12.4759168,drinking_water,,,node/2871412682
"POINT (12.4706084 41.9324157)",,41.9324157,12.4706084,drinking_water,,c'è una targhetta con un numero identificativo della fontanella,node/2871325940
"POINT (12.4695428 41.9321709)",,41.9321709,12.4695428,nasone,,,node/2871325936
"POINT (12.5623624 41.8346774)",,41.8346774,12.5623624,drinking_water,,,node/2851729739
"POINT (12.5196292 41.9109325)",,41.9109325,12.5196292,bubbler,,,node/2843428986
"POINT (12.4798153 41.9388844)",,41.9388844,12.4798153,drinking_water,,fontanella per far abbeverare i cani,node/2840546131
"POINT (12.4730247 41.8954809)",,41.8954809,12.4730247,nasone,,,node/2830517842
"POINT (12.4392418 41.9164602)",,41.9164602,12.4392418,nasone,,,node/2816155544
"POINT (12.592476 41.8666993)",,41.8666993,12.592476,drinking_water,,,node/2786492004
"POINT (12.3108256 41.8437413)",,41.8437413,12.3108256,drinking_water,,,node/2782922237
"POINT (12.6259129 41.8295297)",,41.8295297,12.6259129,drinking_water,,,node/2776892866
"POINT (12.566077 41.9429774)",,41.9429774,12.566077,drinking_water,,,node/2754834679
"POINT (12.5301027 41.8863399)",,41.8863399,12.5301027,drinking_water,,,node/2753902519
"POINT (12.5587342 41.8819307)",,41.8819307,12.5587342,drinking_water,,,node/2747571624
"POINT (12.5582793 41.8817218)",,41.8817218,12.5582793,drinking_water,,,node/2747571620
"POINT (12.5275711 41.8753376)",,41.8753376,12.5275711,nasone,,,node/2746642187
"POINT (12.4834654 41.8745565)",,41.8745565,12.4834654,nasone,,,node/2743701013
"POINT (12.4735726 41.901706)",,41.901706,12.4735726,drinking_water,,,node/2735002378
"POINT (12.4731538 41.9015583)",,41.9015583,12.4731538,drinking,,,node/2735002372
"POINT (12.4903509 41.9007708)",,41.9007708,12.4903509,drinking,,,node/2735002367
"POINT (12.4661696 41.8943198)",,41.8943198,12.4661696,drinking_water,,,node/2735002363
"POINT (12.5563644 41.8305427)",,41.8305427,12.5563644,drinking_water,,,node/2730060934
"POINT (12.5020523 41.8877205)",,41.8877205,12.5020523,nasone,,,node/2724305949
"POINT (12.4806703 41.9205987)",,41.9205987,12.4806703,nasone,,,node/2713386499
"POINT (12.478084 41.8591621)",,41.8591621,12.478084,nasone,,,node/2698096342
"POINT (12.4696605 41.9295222)",,41.9295222,12.4696605,nasone,,,node/2683729570
"POINT (12.5157262 41.9068482)",,41.9068482,12.5157262,drinking_water,,,node/2679604597
"POINT (12.4704194 41.9055923)",,41.9055923,12.4704194,nasone,,,node/2642163020
"POINT (12.405554 41.9176521)",,41.9176521,12.405554,nasone,,,node/2632241201
"POINT (12.5163473 41.8560387)",,41.8560387,12.5163473,drinking,,,node/2627430749
"POINT (12.4625076 41.9283189)",,41.9283189,12.4625076,nasone,,,node/2621497464
"POINT (12.4997332 41.9134403)",,41.9134403,12.4997332,drinking_water,,,node/2537300012
"POINT (12.4987211 41.8911676)",,41.8911676,12.4987211,nasone,,,node/2537299968
"POINT (12.4565648 41.9228632)",,41.9228632,12.4565648,nasone,,,node/2524487978
"POINT (12.4567818 41.9184294)",,41.9184294,12.4567818,nasone,,,node/2524481464
"POINT (12.5299995 41.944123)",,41.944123,12.5299995,nasone,,,node/2523207006
"POINT (12.3222566 41.767403)",,41.767403,12.3222566,drinking_water,,,node/2522580944
"POINT (12.520018 41.9345405)",,41.9345405,12.520018,drinking_water,,,node/2522579548
"POINT (12.5119292 41.9320338)",,41.9320338,12.5119292,drinking_water,,,node/2522579547
"POINT (12.5423322 41.8742129)",,41.8742129,12.5423322,drinking_water,,,node/2522579546
"POINT (12.5149433 41.9387755)",,41.9387755,12.5149433,drinking_water,,,node/2522559280
"POINT (12.4843947 41.9232196)",,41.9232196,12.4843947,drinking_water,,,node/2522559278
"POINT (12.5129457 41.9192768)",,41.9192768,12.5129457,drinking_water,,,node/2522559277
"POINT (12.510235 41.9186202)",,41.9186202,12.510235,bubbler,,,node/2522559276
"POINT (12.5323736 41.8860331)",,41.8860331,12.5323736,drinking_water,,,node/2522559257
"POINT (12.5327023 41.8772495)",,41.8772495,12.5327023,drinking_water,,,node/2522559251
"POINT (12.5406341 41.8651558)",,41.8651558,12.5406341,drinking_water,,,node/2522559247
"POINT (12.5401736 41.858938)",,41.858938,12.5401736,drinking_water,,,node/2522559243
"POINT (12.5591416 41.9508449)",,41.9508449,12.5591416,drinking_water,,,node/2503258440
"POINT (12.515474 41.9044573)",,41.9044573,12.515474,drinking_water,,,node/2491626145
"POINT (12.4022887 41.9657702)",,41.9657702,12.4022887,drinking_water,,,node/2462874551
"POINT (12.4075734 41.9642659)",,41.9642659,12.4075734,nasone,,,node/2462874550
"POINT (12.400322 41.961572)",,41.961572,12.400322,drinking_water,,,node/2462874548
"POINT (12.4074456 41.9602286)",,41.9602286,12.4074456,drinking_water,,,node/2462874516
"POINT (12.3964415 41.9588893)",,41.9588893,12.3964415,drinking_water,,,node/2462874435
"POINT (12.4124809 41.9572706)",,41.9572706,12.4124809,nasone,,,node/2462874421
"POINT (12.4123246 41.9551988)",,41.9551988,12.4123246,drinking_water,,,node/2462874420
"POINT (12.389722 41.9475642)",,41.9475642,12.389722,drinking_water,,,node/2462874419
"POINT (12.3856438 41.9278832)",,41.9278832,12.3856438,drinking_water,,,node/2462874418
"POINT (12.3843837 41.9244627)",,41.9244627,12.3843837,drinking_water,,,node/2462874417
"POINT (12.5140071 41.9284236)",,41.9284236,12.5140071,drinking_water,,,node/2461996630
"POINT (12.4184628 41.9456771)",,41.9456771,12.4184628,nasone,,,node/2461001125
"POINT (12.4188305 41.9437506)",,41.9437506,12.4188305,drinking_water,,,node/2461001124
"POINT (12.423897 41.9432326)",,41.9432326,12.423897,drinking_water,,,node/2461001123
"POINT (12.420715 41.9431976)",,41.9431976,12.420715,drinking_water,,,node/2461001122
"POINT (12.4202452 41.93583)",,41.93583,12.4202452,drinking,,,node/2461001121
"POINT (12.4175686 41.9294593)",,41.9294593,12.4175686,drinking_water,,,node/2461001120
"POINT (12.4161318 41.9273402)",,41.9273402,12.4161318,drinking_water,,,node/2461001119
"POINT (12.4203579 41.9266097)",,41.9266097,12.4203579,drinking_water,,,node/2461001118
"POINT (12.4139338 41.9247627)",,41.9247627,12.4139338,drinking_water,,,node/2461001117
"POINT (12.4228321 41.9224982)",,41.9224982,12.4228321,drinking_water,,,node/2461001116
"POINT (12.4144766 41.9224384)",,41.9224384,12.4144766,drinking_water,,,node/2461001115
"POINT (12.4144732 41.9165707)",,41.9165707,12.4144732,drinking_water,,,node/2461001114
"POINT (12.4045546 41.9128986)",,41.9128986,12.4045546,drinking_water,,,node/2461001113
"POINT (12.4212667 41.9056695)",,41.9056695,12.4212667,drinking_water,,,node/2461001112
"POINT (12.4515798 41.8981341)",,41.8981341,12.4515798,drinking_water,,,node/2460994002
"POINT (12.399668 41.9307233)",,41.9307233,12.399668,drinking_water,,,node/2460993806
"POINT (12.417041 41.9306021)",,41.9306021,12.417041,drinking_water,,,node/2460993666
"POINT (12.4203928 41.9320235)",,41.9320235,12.4203928,drinking_water,,,node/2460991459
"POINT (12.5272387 41.949935)",,41.949935,12.5272387,nasone,,,node/2458549546
"POINT (12.4699579 41.9257659)",,41.9257659,12.4699579,nasone,,,node/2458537111
"POINT (12.2880215 42.0318181)",,42.0318181,12.2880215,drinking_water,,,node/2424263477
"POINT (12.4969689 41.8794579)",,41.8794579,12.4969689,nasone,,,node/2420554497
"POINT (12.4985899 41.9117709)",,41.9117709,12.4985899,nasone,,,node/2418161850
"POINT (12.5550982 41.9348535)",,41.9348535,12.5550982,drinking_water,,,node/2400135002
"POINT (12.57253 41.9137592)",,41.9137592,12.57253,drinking_water,,,node/2400119141
"POINT (12.4793325 41.8352126)",,41.8352126,12.4793325,drinking_water,,,node/2398576225
"POINT (12.55575 41.8370837)",,41.8370837,12.55575,drinking_water,,,node/2375000380
"POINT (12.520645 41.9183)",,41.9183,12.520645,drinking_water,,,node/2351682487
"POINT (12.525078 41.918064)",,41.918064,12.525078,drinking_water,,,node/2351682485
"POINT (12.5531602 41.8965989)",,41.8965989,12.5531602,nasone,,,node/2351682478
"POINT (12.556327 41.89648)",,41.89648,12.556327,nasone,yes,,node/2351682468
"POINT (12.584904 41.891136)",,41.891136,12.584904,drinking_water,,Angolo parco,node/2351682467
"POINT (12.578842 41.876926)",,41.876926,12.578842,drinking_water,,,node/2351682457
"POINT (12.575908 41.876736)",,41.876736,12.575908,drinking_water,,,node/2351682454
"POINT (12.5282081 41.8755169)",,41.8755169,12.5282081,drinking_water,,fontanellozza da paiura,node/2351682450
"POINT (12.57507 41.87371)",,41.87371,12.57507,drinking_water,,,node/2351682448
"POINT (12.5769697 41.8737513)",,41.8737513,12.5769697,drinking_water,,,node/2351682445
"POINT (12.5799021 41.8727188)",,41.8727188,12.5799021,drinking_water,,,node/2351682443
"POINT (12.556239 41.8628)",,41.8628,12.556239,drinking_water,,Via dell'Aeroporto,node/2351682421
"POINT (12.556519 41.86237)",,41.86237,12.556519,drinking_water,,Parco,node/2351682419
"POINT (12.557556 41.861942)",,41.861942,12.557556,drinking_water,,Parco,node/2351682417
"POINT (12.5583155 41.86176)",,41.86176,12.5583155,nasone,,Parco,node/2351682414
"POINT (12.5562427 41.8587104)",,41.8587104,12.5562427,nasone,,Incrocio,node/2351682412
"POINT (12.6312557 41.8559397)",,41.8559397,12.6312557,nasone,,nasone fermata autobus,node/2351682409
"POINT (12.590734 41.85537)",,41.85537,12.590734,drinking_water,,,node/2351682407
"POINT (12.4746862 41.85432)",,41.85432,12.4746862,nasone,,Fontanella via Efeso 21,node/2351682406
"POINT (12.568787 41.853382)",,41.853382,12.568787,drinking_water,,Municipio,node/2351682403
"POINT (12.621273 41.852337)",,41.852337,12.621273,drinking_water,,,node/2351682401
"POINT (12.59225 41.85063)",,41.85063,12.59225,drinking_water,,,node/2351682399
"POINT (12.483749 41.82106)",,41.82106,12.483749,drinking,,Piazza giardino Ludovico Zeriav Giardino Ludovico Zeriav,node/2351682391
"POINT (12.478553 41.81783)",,41.81783,12.478553,drinking_water,,fontanella via comisso liceo scientifico aristotele,node/2351682384
"POINT (12.481763 41.808598)",,41.808598,12.481763,drinking_water,,Parco giochi bambini,node/2351682346
"POINT (12.483346 41.795383)",,41.795383,12.483346,drinking_water,,,node/2351682316
"POINT (12.4747394 41.7639455)",,41.7639455,12.4747394,nasone,,,node/2351682289
"POINT (12.4819277 41.802742)",,41.802742,12.4819277,nasone,,,node/2350705231
"POINT (12.481801 41.784138)",,41.784138,12.481801,drinking_water,,rubinetto nel distributore,node/2350705230
"POINT (12.476074 41.771095)",,41.771095,12.476074,nasone,,Nasone,node/2350705229
"POINT (12.4771853 41.7648698)",,41.7648698,12.4771853,drinking_water,,,node/2350705228
"POINT (12.48469 41.76397)",,41.76397,12.48469,drinking_water,,Nasone dentro un cantiere,node/2350705227
"POINT (12.4718483 41.931914)",,41.931914,12.4718483,drinking,,currently owned by a rom family,node/2343418751
"POINT (12.4715114 41.9301622)",,41.9301622,12.4715114,drinking_water,,,node/2343418750
"POINT (12.4355169 41.9140417)",,41.9140417,12.4355169,drinking_water,,mainly for dogs,node/2339283618
"POINT (12.535827 41.8929778)",,41.8929778,12.535827,drinking,yes,,node/2333139638
"POINT (12.6109292 41.8230484)",,41.8230484,12.6109292,drinking_water,,,node/2320534964
"POINT (12.5587572 41.9407505)",,41.9407505,12.5587572,drinking,,,node/2318883507
"POINT (12.5594759 41.9366242)",,41.9366242,12.5594759,drinking,,,node/2316493202
"POINT (12.5563858 41.9370957)",,41.9370957,12.5563858,drinking_water,,,node/2315544299
"POINT (12.5412847 41.9377743)",,41.9377743,12.5412847,nasone,,,node/2308930705
"POINT (12.4092131 41.8893458)",,41.8893458,12.4092131,drinking_water,,,node/2302517554
"POINT (12.5783925 41.9416426)",,41.9416426,12.5783925,drinking_water,,,node/2277474038
"POINT (12.5059455 41.9878968)",,41.9878968,12.5059455,nasone,,,node/2277011856
"POINT (12.4953816 41.9859847)",,41.9859847,12.4953816,nasone,,,node/2276932947
"POINT (12.4672098 41.9083597)",,41.9083597,12.4672098,nasone,,,node/2276193954
"POINT (12.4646826 41.9096646)",,41.9096646,12.4646826,nasone,,,node/2265009228
"POINT (12.5197362 41.9087151)",,41.9087151,12.5197362,drinking_water,,,node/2262016573
"POINT (12.3155167 41.7641451)",,41.7641451,12.3155167,drinking_water,,,node/2262010520
"POINT (12.2860314 41.727625)",,41.727625,12.2860314,drinking_water,,,node/2242012234
"POINT (12.6098491 41.8516542)",,41.8516542,12.6098491,drinking_water,,,node/2229839053
"POINT (12.4725136 41.944586)",,41.944586,12.4725136,drinking_water,,,node/2229492209
"POINT (12.4923204 41.8564253)",,41.8564253,12.4923204,nasone,,,node/2194365022
"POINT (12.4706472 41.9107559)",,41.9107559,12.4706472,drinking_water,private,,node/2178477570
"POINT (12.5276431 41.9483411)",,41.9483411,12.5276431,nasone,,,node/2173949230
"POINT (12.524806 41.9508616)",,41.9508616,12.524806,nasone,,,node/2173325304
"POINT (12.4166345 41.8795636)",,41.8795636,12.4166345,nasone,,,node/2171768726
"POINT (12.4148505 41.9149998)",,41.9149998,12.4148505,drinking_water,,,node/2166695752
"POINT (12.5419481 41.912859)",,41.912859,12.5419481,drinking_water,,,node/2150779629
"POINT (12.5229276 41.8845973)",,41.8845973,12.5229276,nasone,,,node/2147125780
"POINT (12.5228959 41.8814672)",,41.8814672,12.5228959,drinking_water,,,node/2147111497
"POINT (12.3466841 41.775393)",,41.775393,12.3466841,drinking_water,,,node/2140604902
"POINT (12.4797191 41.9064972)",,41.9064972,12.4797191,nasone,,,node/2127629609
"POINT (12.4755263 41.9114631)",,41.9114631,12.4755263,drinking_water,,,node/2125461285
"POINT (12.4931183 42.0009273)",,42.0009273,12.4931183,nasone,,,node/2124802036
"POINT (12.4834294 41.9137258)",,41.9137258,12.4834294,drinking_water,,,node/2112210533
"POINT (12.4834053 41.9134755)",,41.9134755,12.4834053,drinking_water,,,node/2112210532
"POINT (12.4294416 41.8953775)",,41.8953775,12.4294416,nasone,,,node/2110963584
"POINT (12.4877693 41.9949672)",,41.9949672,12.4877693,nasone,,,node/2110739831
"POINT (12.4691655 42.0362038)",,42.0362038,12.4691655,nasone,,,node/2110738960
"POINT (12.4871296 42.0016608)",,42.0016608,12.4871296,nasone,,,node/2110736417
"POINT (12.49181 42.0019129)",,42.0019129,12.49181,nasone,,,node/2110732222
"POINT (12.4772554 41.9945423)",,41.9945423,12.4772554,nasone,,,node/2110381824
"POINT (12.481633 42.0019137)",,42.0019137,12.481633,nasone,,,node/2109415126
"POINT (12.4942664 41.9896622)",,41.9896622,12.4942664,nasone,,,node/2109414624
"POINT (12.49789 41.9866333)",,41.9866333,12.49789,nasone,,,node/2109414015
"POINT (12.4817992 42.0058224)",,42.0058224,12.4817992,nasone,,,node/2109412935
"POINT (12.4699215 42.0214651)",,42.0214651,12.4699215,nasone,,,node/2109403287
"POINT (12.4878685 41.8968428)",,41.8968428,12.4878685,drinking_water,,,node/2105948243
"POINT (12.5558032 41.9094997)",,41.9094997,12.5558032,drinking_water,,,node/2101967422
"POINT (12.5669783 41.8621509)",,41.8621509,12.5669783,drinking,,,node/2101959899
"POINT (12.535541 41.9084099)",,41.9084099,12.535541,nasone,,,node/2101954153
"POINT (12.3526469 41.7587438)",,41.7587438,12.3526469,drinking_water,,,node/2101945115
"POINT (12.3134901 41.733283)",,41.733283,12.3134901,drinking,,,node/2101936885
"POINT (12.3045647 41.7191553)",,41.7191553,12.3045647,drinking_water,,,node/2101935631
"POINT (12.3045051 41.7276078)",,41.7276078,12.3045051,drinking_water,,,node/2101932797
"POINT (12.5646472 41.8592182)",,41.8592182,12.5646472,drinking_water,,,node/2079366137
"POINT (12.3023245 41.7599323)",,41.7599323,12.3023245,drinking,,,node/2079047172
"POINT (12.3014902 41.7596605)",,41.7596605,12.3014902,drinking,,,node/2079037257
"POINT (12.3013983 41.7620789)",,41.7620789,12.3013983,drinking,,,node/2079035584
"POINT (12.4658966 41.8733838)",,41.8733838,12.4658966,drinking_water,,,node/2069456580
"POINT (12.4550722 41.8703474)",,41.8703474,12.4550722,nasone,,,node/2069455838
"POINT (12.4531893 41.8699024)",,41.8699024,12.4531893,nasone,,,node/2069452514
"POINT (12.4495183 41.8755065)",,41.8755065,12.4495183,drinking_water,,,node/2069447403
"POINT (12.4506501 41.8722504)",,41.8722504,12.4506501,drinking,yes,,node/2069436466
"POINT (12.4504178 41.8714562)",,41.8714562,12.4504178,drinking_water,,,node/2069423257
"POINT (12.4478666 41.8745714)",,41.8745714,12.4478666,drinking,yes,,node/2069416499
"POINT (12.4494253 41.8687129)",,41.8687129,12.4494253,drinking_water,yes,,node/2069405637
"POINT (12.4477401 41.8716939)",,41.8716939,12.4477401,drinking_water,,,node/2069405527
"POINT (12.4540288 41.9602845)",,41.9602845,12.4540288,drinking_water,,,node/2051523468
"POINT (12.624201 41.8550516)",,41.8550516,12.624201,drinking_water,,,node/2042628177
"POINT (12.6234998 41.8549153)",,41.8549153,12.6234998,drinking_water,,,node/2042628160
"POINT (12.5334507 41.9337241)",,41.9337241,12.5334507,drinking_water,,,node/2035792335
"POINT (12.4694468 41.8867201)",,41.8867201,12.4694468,stone_block,,,node/2001966313
"POINT (12.4667902 41.9369997)",,41.9369997,12.4667902,nasone,,,node/1954622623
"POINT (12.4659695 41.9369439)",,41.9369439,12.4659695,nasone,,check position,node/1954622619
"POINT (12.3030584 41.7190611)",,41.7190611,12.3030584,nasone,,,node/1926240067
"POINT (12.5193973 41.9416331)",,41.9416331,12.5193973,drinking_water,,,node/1917039327
"POINT (12.5213285 41.9439314)",,41.9439314,12.5213285,drinking_water,,,node/1917038602
"POINT (12.5254162 41.9413378)",,41.9413378,12.5254162,drinking_water,,,node/1917038317
"POINT (12.4643241 41.8759198)",,41.8759198,12.4643241,drinking_water,,,node/1916102399
"POINT (12.4602789 41.8477349)",,41.8477349,12.4602789,drinking_water,,,node/1914031509
"POINT (12.4586745 41.8840955)",,41.8840955,12.4586745,nasone,,,node/1914030964
"POINT (12.4593859 41.8456355)",,41.8456355,12.4593859,drinking_water,,,node/1913411910
"POINT (12.5582515 41.8904055)",,41.8904055,12.5582515,nasone,,,node/1913274235
"POINT (12.4616245 41.8460542)",,41.8460542,12.4616245,drinking_water,,,node/1910223342
"POINT (12.5257638 41.9472385)",,41.9472385,12.5257638,nasone,,,node/1901216582
"POINT (12.5256172 41.9463495)",,41.9463495,12.5256172,nasone,,,node/1901213758
"POINT (12.558143 41.8342092)",,41.8342092,12.558143,drinking_water,,,node/1893339547
"POINT (12.5546694 41.8327079)",,41.8327079,12.5546694,drinking_water,,,node/1893323037
"POINT (12.4866056 41.9053673)",,41.9053673,12.4866056,bubbler,,,node/1880658315
"POINT (12.4841217 41.9129712)",,41.9129712,12.4841217,drinking_water,,,node/1879017417
"POINT (12.4781232 41.9304089)",,41.9304089,12.4781232,drinking_water,,,node/1878991188
"POINT (12.4481946 41.9237761)",,41.9237761,12.4481946,drinking_water,,,node/1871754634
"POINT (12.461534 41.9271301)",,41.9271301,12.461534,nasone,,,node/1870067479
"POINT (12.4396322 41.9726285)",,41.9726285,12.4396322,drinking_water,,,node/1845643863
"POINT (12.353898 41.7069741)",,41.7069741,12.353898,drinking_water,,,node/1839032431
"POINT (12.3613085 41.785153)",,41.785153,12.3613085,drinking_water,,,node/1839016748
"POINT (12.4479423 41.7895839)",,41.7895839,12.4479423,drinking_water,,,node/1830276091
"POINT (12.4348609 41.7877535)",,41.7877535,12.4348609,drinking_water,,,node/1830276082
"POINT (12.5182205 41.9806455)",,41.9806455,12.5182205,nasone,,,node/1829660373
"POINT (12.5151033 41.9828851)",,41.9828851,12.5151033,nasone,,,node/1829660366
"POINT (12.5158601 41.9823363)",,41.9823363,12.5158601,nasone,,,node/1829660364
"POINT (12.5131324 41.9823927)",,41.9823927,12.5131324,nasone,,,node/1829660358
"POINT (12.5547897 41.8797326)",,41.8797326,12.5547897,drinking,,,node/1828734661
"POINT (12.5441424 41.9451321)",,41.9451321,12.5441424,drinking_water,,,node/1827700012
"POINT (12.2999813 41.7580993)",,41.7580993,12.2999813,nasone,,,node/1826685313
"POINT (12.4421507 41.8615844)",,41.8615844,12.4421507,drinking,,,node/1819985172
"POINT (12.4437871 41.8630714)",,41.8630714,12.4437871,drinking_water,,,node/1816091365
"POINT (12.4690449 41.8920354)",,41.8920354,12.4690449,nasone,,,node/1812711628
"POINT (12.6527342 41.9094237)",,41.9094237,12.6527342,drinking_water,,,node/1809644715
"POINT (12.3524881 41.7899938)",,41.7899938,12.3524881,drinking_water,,,node/1805248304
"POINT (12.3619353 41.781808)",,41.781808,12.3619353,drinking_water,,,node/1799931551
"POINT (12.3211261 41.7867849)",,41.7867849,12.3211261,drinking_water,,,node/1797342790
"POINT (12.3285157 41.7821489)",,41.7821489,12.3285157,drinking_water,,,node/1797335871
"POINT (12.3487581 41.7739163)",,41.7739163,12.3487581,drinking_water,,,node/1797331963
"POINT (12.3655028 41.78309)",,41.78309,12.3655028,drinking_water,,,node/1797321598
"POINT (12.4642989 41.9070932)",,41.9070932,12.4642989,nasone,,,node/1796927440
"POINT (12.3502613 41.776)",,41.776,12.3502613,drinking_water,,,node/1794784084
"POINT (12.5159891 41.9136343)",,41.9136343,12.5159891,drinking_water,,,node/1793357912
"POINT (12.520581 41.91277)",,41.91277,12.520581,bubbler,,,node/1793356716
"POINT (12.3451257 41.7779487)",,41.7779487,12.3451257,drinking_water,,,node/1788820007
"POINT (12.5379244 41.9100562)",,41.9100562,12.5379244,drinking_water,,,node/1788814177
"POINT (12.5215823 41.9094312)",,41.9094312,12.5215823,drinking_water,,,node/1787512204
"POINT (12.285591 41.7268694)",,41.7268694,12.285591,nasone,,,node/1786406259
"POINT (12.6100189 41.9140353)",,41.9140353,12.6100189,drinking_water,,,node/1786383697
"POINT (12.4987414 41.9167432)",,41.9167432,12.4987414,drinking,,,node/1786273188
"POINT (12.5056194 41.8825717)",,41.8825717,12.5056194,drinking_water,,,node/1786266531
"POINT (12.339857 41.7271434)",,41.7271434,12.339857,drinking_water,,,node/1784897090
"POINT (12.304131 41.7185728)",,41.7185728,12.304131,nasone,,,node/1784895938
"POINT (12.5861557 41.9429137)",,41.9429137,12.5861557,drinking_water,,,node/1784884965
"POINT (12.5483693 41.9494893)",,41.9494893,12.5483693,drinking_water,,,node/1784883728
"POINT (12.5471784 41.9454955)",,41.9454955,12.5471784,drinking_water,,,node/1784882633
"POINT (12.3597169 41.785406)",,41.785406,12.3597169,drinking_water,,,node/1778208580
"POINT (12.5105344 41.9554582)",,41.9554582,12.5105344,drinking_water,,,node/1778195167
"POINT (12.5210487 41.9662046)",,41.9662046,12.5210487,drinking_water,,,node/1778194743
"POINT (12.5127446 41.9663681)",,41.9663681,12.5127446,drinking_water,,,node/1778194740
"POINT (12.5233354 41.9138587)",,41.9138587,12.5233354,drinking_water,,,node/1776348154
"POINT (12.5270765 41.934955)",,41.934955,12.5270765,drinking,,,node/1776336688
"POINT (12.3354747 41.785725)",,41.785725,12.3354747,drinking_water,,,node/1776320664
"POINT (12.3425642 41.7780009)",,41.7780009,12.3425642,nasone,,,node/1774498387
"POINT (12.3408002 41.7768286)",,41.7768286,12.3408002,drinking_water,,,node/1774442164
"POINT (12.3555138 41.7821157)",,41.7821157,12.3555138,bubbler,,,node/1772863685
"POINT (12.3383738 41.7805471)",,41.7805471,12.3383738,drinking_water,,,node/1772861009
"POINT (12.3489826 41.7839562)",,41.7839562,12.3489826,drinking_water,,,node/1772856562
"POINT (12.3520336 41.7804196)",,41.7804196,12.3520336,bubbler,,,node/1772855957
"POINT (12.3528828 41.781783)",,41.781783,12.3528828,bubbler,,,node/1772854781
"POINT (12.3511913 41.7839131)",,41.7839131,12.3511913,bubbler,,,node/1772854128
"POINT (12.3433889 41.7832537)",,41.7832537,12.3433889,drinking_water,,,node/1772853452
"POINT (12.3475242 41.7809711)",,41.7809711,12.3475242,drinking_water,,,node/1772852534
"POINT (12.5237431 41.9660296)",,41.9660296,12.5237431,drinking_water,,,node/1772771092
"POINT (12.5268706 41.9656427)",,41.9656427,12.5268706,drinking_water,,,node/1772771091
"POINT (12.531382 41.9660854)",,41.9660854,12.531382,drinking,,,node/1772758025
"POINT (12.5241366 41.9642496)",,41.9642496,12.5241366,drinking_water,,,node/1772755099
"POINT (12.5190901 41.9649467)",,41.9649467,12.5190901,drinking_water,,,node/1772632588
"POINT (12.5150353 41.9639494)",,41.9639494,12.5150353,drinking_water,yes,,node/1772632273
"POINT (12.3287535 41.7883619)",,41.7883619,12.3287535,drinking_water,,,node/1771732167
"POINT (12.3412875 41.7801099)",,41.7801099,12.3412875,drinking_water,,,node/1771731512
"POINT (12.3428378 41.7775116)",,41.7775116,12.3428378,drinking_water,,,node/1771731260
"POINT (12.3038395 41.7626078)",,41.7626078,12.3038395,drinking_water,yes,,node/1771322479
"POINT (12.5230186 41.8848734)",,41.8848734,12.5230186,bubbler,,,node/1768600407
"POINT (12.633288 41.9316115)",,41.9316115,12.633288,drinking_water,,,node/1768461153
"POINT (12.4666324 41.9098324)",,41.9098324,12.4666324,nasone,,,node/1757121430
"POINT (12.5367267 41.9604413)",,41.9604413,12.5367267,drinking_water,,,node/1753713370
"POINT (12.5091198 41.8911193)",,41.8911193,12.5091198,nasone,,,node/1750847857
"POINT (12.4708859 41.9095513)",,41.9095513,12.4708859,drinking,,,node/1749626671
"POINT (12.5780486 41.914538)",,41.914538,12.5780486,drinking_water,,,node/1747327052
"POINT (12.5550556 41.9453113)",,41.9453113,12.5550556,bubbler,,,node/1734909395
"POINT (12.5529639 41.8591747)",,41.8591747,12.5529639,nasone,,,node/1733881461
"POINT (12.4603781 41.9173446)",,41.9173446,12.4603781,nasone,,,node/1731729096
"POINT (12.4795284 41.9076916)",,41.9076916,12.4795284,drinking_water,,in the wall,node/1729006478
"POINT (12.4540274 41.9092721)",,41.9092721,12.4540274,nasone,,,node/1716791634
"POINT (12.507095 41.8384219)",,41.8384219,12.507095,nasone,,,node/1709763209
"POINT (12.480806 41.8814962)",,41.8814962,12.480806,drinking_water,,,node/1703615337
"POINT (12.4835607 41.8716891)",,41.8716891,12.4835607,nasone,,,node/1703615330
"POINT (12.5019658 41.8890191)",,41.8890191,12.5019658,drinking_water,,,node/1701226235
"POINT (12.5072327 41.8901521)",,41.8901521,12.5072327,nasone,,,node/1701085924
"POINT (12.4901105 41.8430774)",,41.8430774,12.4901105,nasone,,,node/1697618063
"POINT (12.5354908 41.7922859)",,41.7922859,12.5354908,drinking_water,,,node/1694653432
"POINT (12.5217391 41.7900561)",,41.7900561,12.5217391,drinking_water,,,node/1694653416
"POINT (12.5188933 41.791274)",,41.791274,12.5188933,drinking_water,,,node/1694619539
"POINT (12.5002352 41.9050939)",,41.9050939,12.5002352,nasone,,,node/1686449476
"POINT (12.4104776 41.7895839)",,41.7895839,12.4104776,drinking_water,,,node/1684536838
"POINT (12.4064324 41.7947332)",,41.7947332,12.4064324,drinking_water,,,node/1684518620
"POINT (12.4077342 41.7912967)",,41.7912967,12.4077342,drinking_water,,,node/1684518619
"POINT (12.3909026 41.9062766)",,41.9062766,12.3909026,drinking_water,,,node/1666460469
"POINT (12.3903889 41.9048743)",,41.9048743,12.3903889,drinking_water,,,node/1666460465
"POINT (12.3932844 41.9034599)",,41.9034599,12.3932844,drinking_water,,,node/1666460458
"POINT (12.3880112 41.9047645)",,41.9047645,12.3880112,drinking_water,,,node/1666460453
"POINT (12.3940676 41.9064902)",,41.9064902,12.3940676,drinking_water,,,node/1666441731
"POINT (12.4883955 41.8907173)",,41.8907173,12.4883955,drinking_water,,,node/1656861982
"POINT (12.4697247 41.8642252)",,41.8642252,12.4697247,nasone,,,node/1654333840
"POINT (12.4677344 41.8628943)",,41.8628943,12.4677344,drinking_water,,,node/1654329525
"POINT (12.4672248 41.8629662)",,41.8629662,12.4672248,drinking_water,,,node/1654329464
"POINT (12.5728639 41.9445719)",,41.9445719,12.5728639,drinking_water,,,node/1646863678
"POINT (12.414186 41.9189164)",,41.9189164,12.414186,drinking_water,,,node/1644454446
"POINT (12.4165714 41.9194704)",,41.9194704,12.4165714,drinking_water,,,node/1643079454
"POINT (12.5188326 41.9285631)",,41.9285631,12.5188326,drinking_water,,,node/1641654452
"POINT (12.5158555 41.9264038)",,41.9264038,12.5158555,nasone,,,node/1641654227
"POINT (12.5368931 41.893166)",,41.893166,12.5368931,drinking_water,,,node/1641216571
"POINT (12.4167545 41.9220885)",,41.9220885,12.4167545,drinking_water,,,node/1641015867
"POINT (12.415547 41.9201304)",,41.9201304,12.415547,drinking_water,,,node/1641015864
"POINT (12.577533 41.9446252)",,41.9446252,12.577533,drinking_water,,,node/1639651014
"POINT (12.5024303 41.9045031)",,41.9045031,12.5024303,nasone,,,node/1623595300
"POINT (12.4785158 41.870583)",,41.870583,12.4785158,nasone,,,node/1606507254
"POINT (12.4798625 41.871787)",,41.871787,12.4798625,nasone,,,node/1606505050
"POINT (12.4768045 41.894381)",,41.894381,12.4768045,nasone,,push the botton to have water,water flux not costant,node/1605062945
"POINT (12.461269 41.9021291)",,41.9021291,12.461269,drinking_water,,,node/1600564873
"POINT (12.4607726 41.9021208)",,41.9021208,12.4607726,drinking_water,,,node/1600564868
"POINT (12.5203552 41.8911913)",,41.8911913,12.5203552,nasone,,,node/1594842671
"POINT (12.4427473 41.9169125)",,41.9169125,12.4427473,nasone,,,node/1593912169
"POINT (12.3522377 41.8198314)",,41.8198314,12.3522377,drinking_water,,,node/1590849382
"POINT (12.4280484 41.9006448)",,41.9006448,12.4280484,nasone,,,node/1584641250
"POINT (12.4245998 41.7962757)",,41.7962757,12.4245998,nasone,,,node/1569580573
"POINT (12.4762292 41.8802521)",,41.8802521,12.4762292,nasone,,,node/1567119679
"POINT (12.4767978 41.8816432)",,41.8816432,12.4767978,nasone,,,node/1567119678
"POINT (12.4718037 41.889069)",,41.889069,12.4718037,bubbler,,,node/1565325823
"POINT (12.549396 41.8946999)",,41.8946999,12.549396,nasone,,,node/1564383538
"POINT (12.4360954 41.9013608)",,41.9013608,12.4360954,nasone,,,node/1564305350
"POINT (12.4355752 41.9004377)",,41.9004377,12.4355752,nasone,,,node/1564305314
"POINT (12.2876355 41.7345335)",,41.7345335,12.2876355,drinking_water,,,node/1563485248
"POINT (12.5377783 41.9440241)",,41.9440241,12.5377783,nasone,,check position,node/1557648297
"POINT (12.5255837 41.8738666)",,41.8738666,12.5255837,nasone,,,node/1546285109
"POINT (12.5267604 41.8736673)",,41.8736673,12.5267604,nasone,,,node/1546277700
"POINT (12.5256257 41.8729095)",,41.8729095,12.5256257,nasone,,,node/1546275854
"POINT (12.5183432 41.8985017)",,41.8985017,12.5183432,nasone,,,node/1542745894
"POINT (12.474555 41.8899577)",,41.8899577,12.474555,bottle_refill,,,node/1542236935
"POINT (12.4690666 41.8833141)",,41.8833141,12.4690666,nasone,,,node/1536760433
"POINT (12.4663192 41.8857648)",,41.8857648,12.4663192,drinking_water,,,node/1536713988
"POINT (12.4717959 41.8873555)",,41.8873555,12.4717959,nasone,,,node/1530077751
"POINT (12.4697335 41.8858499)",,41.8858499,12.4697335,nasone,,,node/1528871492
"POINT (12.4606893 41.8658124)",,41.8658124,12.4606893,drinking_water,,,node/1520157117
"POINT (12.4608444 41.8852404)",,41.8852404,12.4608444,nasone,,,node/1515977006
"POINT (12.4610579 41.9175353)",,41.9175353,12.4610579,drinking_water,,,node/1514242942
"POINT (12.4622961 41.9171391)",,41.9171391,12.4622961,nasone,,,node/1514242936
"POINT (12.4415299 41.9191229)",,41.9191229,12.4415299,nasone,,,node/1511867897
"POINT (12.4705196 41.8616183)",,41.8616183,12.4705196,nasone,,,node/1509850122
"POINT (12.4673452 41.8977508)",,41.8977508,12.4673452,nasone,,,node/1507661501
"POINT (12.5629128 41.9398175)",,41.9398175,12.5629128,drinking,,,node/1503104549
"POINT (12.5640169 41.9399326)",,41.9399326,12.5640169,drinking,,,node/1503104547
"POINT (12.4374695 41.8805777)",,41.8805777,12.4374695,drinking_water,,,node/1493055430
"POINT (12.4323478 41.8900948)",,41.8900948,12.4323478,stone_block,,,node/1493055410
"POINT (12.4580399 41.8646701)",,41.8646701,12.4580399,nasone,,,node/1488901940
"POINT (12.4698192 41.8969105)",,41.8969105,12.4698192,nasone,,,node/1485692256
"POINT (12.4538645 41.8627616)",,41.8627616,12.4538645,drinking_water,,,node/1484879602
"POINT (12.4737926 41.8930647)",,41.8930647,12.4737926,nasone,,,node/1479202496
"POINT (12.465122 41.9149611)",,41.9149611,12.465122,nasone,,,node/1479089106
"POINT (12.4662432 41.9147943)",,41.9147943,12.4662432,nasone,,,node/1479087634
"POINT (12.4557049 41.8816044)",,41.8816044,12.4557049,nasone,,,node/1477754356
"POINT (12.5331421 41.9673174)",,41.9673174,12.5331421,nasone,,check position,node/1476680251
"POINT (12.5296028 41.933545)",,41.933545,12.5296028,nasone,,check position,node/1476642115
"POINT (12.4552874 41.8606732)",,41.8606732,12.4552874,drinking_water,,,node/1475928294
"POINT (12.4493437 41.8654213)",,41.8654213,12.4493437,drinking,,,node/1475920611
"POINT (12.4598845 41.9171501)",,41.9171501,12.4598845,nasone,,,node/1472098069
"POINT (12.4663716 41.8798836)",,41.8798836,12.4663716,nasone,,,node/1468545317
"POINT (12.4551771 41.876727)",,41.876727,12.4551771,drinking,,,node/1468481059
"POINT (12.4509581 41.8773693)",,41.8773693,12.4509581,drinking_water,,,node/1468454162
"POINT (12.4518801 41.8785396)",,41.8785396,12.4518801,drinking,,,node/1468453509
"POINT (12.4523039 41.8774037)",,41.8774037,12.4523039,drinking,,,node/1468453028
"POINT (12.4658468 41.8873502)",,41.8873502,12.4658468,drinking_water,,,node/1468051863
"POINT (12.4488518 41.8804046)",,41.8804046,12.4488518,nasone,,,node/1468045823
"POINT (12.5118464 41.8839025)",,41.8839025,12.5118464,drinking_water,,,node/1464397418
"POINT (12.526346 41.8470535)",,41.8470535,12.526346,nasone,,,node/1464397417
"POINT (12.5684096 41.8559719)",,41.8559719,12.5684096,drinking_water,,,node/1464394123
"POINT (12.5682437 41.8544974)",,41.8544974,12.5682437,drinking_water,,,node/1464394119
"POINT (12.5665876 41.8525646)",,41.8525646,12.5665876,nasone,,,node/1464394114
"POINT (12.4613172 41.9190467)",,41.9190467,12.4613172,nasone,,,node/1462422577
"POINT (12.3897788 42.0219167)",,42.0219167,12.3897788,drinking_water,,,node/1438387051
"POINT (12.5496475 41.8937912)",,41.8937912,12.5496475,nasone,,,node/1438369940
"POINT (12.5567293 41.8948397)",,41.8948397,12.5567293,nasone,,,node/1438358926
"POINT (12.5657948 41.8875377)",,41.8875377,12.5657948,nasone,,,node/1438352188
"POINT (12.5594881 41.8947342)",,41.8947342,12.5594881,nasone,,,node/1438350714
"POINT (12.467084 41.900501)",,41.900501,12.467084,drinking,,,node/1436034864
"POINT (12.5538007 41.9312195)",,41.9312195,12.5538007,drinking_water,,,node/1431298315
"POINT (12.4752579 41.9032475)",,41.9032475,12.4752579,drinking,,,node/1429380536
"POINT (12.4765418 41.9001888)",,41.9001888,12.4765418,drinking,,,node/1421868281
"POINT (12.3840763 41.7900144)",,41.7900144,12.3840763,drinking_water,,,node/1421395876
"POINT (12.5626009 41.8485066)",,41.8485066,12.5626009,nasone,,,node/1418039278
"POINT (12.4701701 41.8978014)",,41.8978014,12.4701701,nasone,,,node/1417673738
"POINT (12.4879387 41.9041525)",,41.9041525,12.4879387,drinking_water,,,node/1416937151
"POINT (12.2759134 41.7324265)",,41.7324265,12.2759134,nasone,,,node/1414173819
"POINT (12.2731874 41.7334635)",,41.7334635,12.2731874,nasone,,,node/1414168276
"POINT (12.2835907 41.7333543)",,41.7333543,12.2835907,drinking_water,no,,node/1414163855
"POINT (12.5493774 41.8848437)",,41.8848437,12.5493774,drinking,,,node/1412947842
"POINT (12.5424568 41.885415)",,41.885415,12.5424568,drinking,,,node/1412947841
"POINT (12.5427549 41.8851519)",,41.8851519,12.5427549,drinking_water,,,node/1412942711
"POINT (12.5013391 41.8615796)",,41.8615796,12.5013391,nasone,,,node/1412939934
"POINT (12.5431305 41.8826557)",,41.8826557,12.5431305,drinking,,,node/1412936359
"POINT (12.5069638 41.8876892)",,41.8876892,12.5069638,nasone,,,node/1412552556
"POINT (12.4709469 41.8990523)",,41.8990523,12.4709469,nasone,,,node/1410731988
"POINT (12.4846068 41.9016843)",,41.9016843,12.4846068,nasone,,,node/1410730478
"POINT (12.4855319 41.9024909)",,41.9024909,12.4855319,drinking_water,,,node/1410727606
"POINT (12.4919485 41.8952404)",,41.8952404,12.4919485,nasone,,,node/1407542660
"POINT (12.2704858 41.7315418)",,41.7315418,12.2704858,drinking,,,node/1402613135
"POINT (12.4899895 41.9051228)",,41.9051228,12.4899895,nasone,,,node/1397809372
"POINT (12.4756264 41.8923696)",,41.8923696,12.4756264,drinking,,,node/1393905944
"POINT (12.4823965 41.9129679)",,41.9129679,12.4823965,drinking_water,,,node/1393846546
"POINT (12.5134873 41.910536)",,41.910536,12.5134873,nasone,,,node/1393843656
"POINT (12.4453716 41.9209147)",,41.9209147,12.4453716,nasone,,,node/1391159111
"POINT (12.421937 41.9032442)",,41.9032442,12.421937,drinking_water,,,node/1387922489
"POINT (12.4147369 41.9140364)",,41.9140364,12.4147369,bubbler,,,node/1387908417
"POINT (12.4481651 41.921937)",,41.921937,12.4481651,drinking_water,,use the lever on the right (in the wall) to start/stop the flux of water,node/1380595679
"POINT (12.4157191 41.9120743)",,41.9120743,12.4157191,nasone,,check position,node/1362076942
"POINT (12.4147508 41.9139579)",,41.9139579,12.4147508,bubbler,,,node/1362074018
"POINT (12.5698367 41.9085538)",,41.9085538,12.5698367,bubbler,,,node/1351783503
"POINT (12.6237429 41.8382265)",,41.8382265,12.6237429,drinking_water,,,node/1349286419
"POINT (12.4711186 41.8896126)",,41.8896126,12.4711186,nasone,,,node/1349038366
"POINT (12.5197873 41.9702018)",,41.9702018,12.5197873,nasone,,,node/1346557916
"POINT (12.5106827 41.8848979)",,41.8848979,12.5106827,drinking_water,,,node/1343937563
"POINT (12.50837 41.926324)",,41.926324,12.50837,drinking_water,,,node/1343175169
"POINT (12.4723337 41.8963592)",,41.8963592,12.4723337,decorative,,,node/1341744308
"POINT (12.4722975 41.8967572)",,41.8967572,12.4722975,nasone,,,node/1341744302
"POINT (12.4735763 41.8975775)",,41.8975775,12.4735763,drinking,,,node/1341735160
"POINT (12.455828 41.8992595)",,41.8992595,12.455828,nasone,,,node/1340662875
"POINT (12.4882465 41.9164327)",,41.9164327,12.4882465,drinking_water,,,node/1340638635
"POINT (12.4949353 41.9088122)",,41.9088122,12.4949353,bubbler,,,node/1340634230
"POINT (12.4279584 41.898261)",,41.898261,12.4279584,nasone,,,node/1332242237
"POINT (12.5057076 41.9154054)",,41.9154054,12.5057076,nasone,,,node/1330290602
"POINT (12.4681521 41.9033008)",,41.9033008,12.4681521,drinking_water,,,node/1328464530
"POINT (12.4603268 41.9037309)",,41.9037309,12.4603268,nasone,,,node/1324874797
"POINT (12.5732643 41.9257201)",,41.9257201,12.5732643,nasone,,,node/1319005666
"POINT (12.4528261 41.9107084)",,41.9107084,12.4528261,nasone,,out of service,node/1318977072
"POINT (12.4424387 41.9204573)",,41.9204573,12.4424387,nasone,,,node/1317583544
"POINT (12.4401426 41.9088533)",,41.9088533,12.4401426,nasone,,,node/1314329047
"POINT (12.4469668 41.8753004)",,41.8753004,12.4469668,drinking,yes,,node/1307902516
"POINT (12.4970209 41.9238877)",,41.9238877,12.4970209,drinking,,check position,node/1306148317
"POINT (12.4828982 41.9158731)",,41.9158731,12.4828982,drinking_water,,,node/1303837852
"POINT (12.4687269 41.9187707)",,41.9187707,12.4687269,nasone,,,node/1303776721
"POINT (12.4932579 41.9220195)",,41.9220195,12.4932579,drinking_water,,check position,node/1299991558
"POINT (12.4358306 41.8837832)",,41.8837832,12.4358306,stone_block,,,node/1297345178
"POINT (12.439338 41.8828485)",,41.8828485,12.439338,stone_block,,,node/1297345176
"POINT (12.4394558 41.8817483)",,41.8817483,12.4394558,stone_block,,,node/1297345171
"POINT (12.4660357 41.9080178)",,41.9080178,12.4660357,nasone,,,node/1297064089
"POINT (12.4358696 41.9090463)",,41.9090463,12.4358696,drinking_water,,,node/1291671499
"POINT (12.4417972 41.9117328)",,41.9117328,12.4417972,nasone,,,node/1291665258
"POINT (12.4416178 41.9130726)",,41.9130726,12.4416178,nasone,,,node/1290837141
"POINT (12.5381222 41.9353103)",,41.9353103,12.5381222,nasone,,,node/1286918256
"POINT (12.5233264 41.9115171)",,41.9115171,12.5233264,drinking_water,,,node/1286444368
"POINT (12.4501248 41.871573)",,41.871573,12.4501248,drinking,yes,,node/1273209178
"POINT (12.4590992 41.9234068)",,41.9234068,12.4590992,drinking_water,,,node/1272997138
"POINT (12.3933141 42.0194307)",,42.0194307,12.3933141,nasone,,,node/1270469057
"POINT (12.3947684 42.0188996)",,42.0188996,12.3947684,nasone,,,node/1270451278
"POINT (12.3946494 42.0188659)",,42.0188659,12.3946494,nasone,,,node/1270451011
"POINT (12.511648 41.9261336)",,41.9261336,12.511648,drinking_water,,,node/1266858721
"POINT (12.5199403 41.8763427)",,41.8763427,12.5199403,drinking_water,,,node/1262595088
"POINT (12.4746917 41.9144055)",,41.9144055,12.4746917,nasone,,,node/1262577404
"POINT (12.4525785 41.8887393)",,41.8887393,12.4525785,drinking,,,node/1259526673
"POINT (12.441176 41.8819738)",,41.8819738,12.441176,stone_block,,,node/1259526671
"POINT (12.4516224 41.8872032)",,41.8872032,12.4516224,stone_block,,,node/1259526670
"POINT (12.4572925 41.8869681)",,41.8869681,12.4572925,drinking,,,node/1259526669
"POINT (12.4425153 41.8776993)",,41.8776993,12.4425153,drinking,,,node/1258578610
"POINT (12.5032942 41.9200964)",,41.9200964,12.5032942,drinking_water,,,node/1254094235
"POINT (12.5040857 41.9209214)",,41.9209214,12.5040857,drinking_water,yes,,node/1254094233
"POINT (12.4807826 41.9027043)",,41.9027043,12.4807826,nasone,yes,,node/1253210982
"POINT (12.3914705 42.0193587)",,42.0193587,12.3914705,nasone,,,node/1252485526
"POINT (12.4445441 41.8793261)",,41.8793261,12.4445441,roman_wolf,,,node/1252035749
"POINT (12.444503 41.8667327)",,41.8667327,12.444503,nasone,,,node/1251979406
"POINT (12.4581418 41.9085077)",,41.9085077,12.4581418,nasone,,,node/1248514529
"POINT (12.4846755 41.9002564)",,41.9002564,12.4846755,drinking_water,,,node/1248116067
"POINT (12.447199 41.9047703)",,41.9047703,12.447199,bubbler,,,node/1244429232
"POINT (12.4620987 41.9094833)",,41.9094833,12.4620987,nasone,,,node/1240868978
"POINT (12.4684062 41.9298444)",,41.9298444,12.4684062,nasone,,out of service,node/1240689401
"POINT (12.467784 41.9328473)",,41.9328473,12.467784,nasone,,out of service,node/1240685029
"POINT (12.5080428 41.9245212)",,41.9245212,12.5080428,nasone,,,node/1239500205
"POINT (12.3629407 41.9254313)",,41.9254313,12.3629407,drinking_water,,,node/1235723403
"POINT (12.5187675 41.9016699)",,41.9016699,12.5187675,nasone,,,node/1232930125
"POINT (12.4995028 41.880763)",,41.880763,12.4995028,stone_block,,,node/1228398969
"POINT (12.4991854 41.8812186)",,41.8812186,12.4991854,stone_block,,,node/1228398937
"POINT (12.5010015 41.8790442)",,41.8790442,12.5010015,stone_block,,,node/1228199662
"POINT (12.426346 41.9058246)",,41.9058246,12.426346,drinking_water,,,node/1228124135
"POINT (12.4247682 41.9099714)",,41.9099714,12.4247682,drinking,,,node/1228124134
"POINT (12.3433938 41.8173037)",,41.8173037,12.3433938,nasone,,,node/1228082656
"POINT (12.4196572 41.9313018)",,41.9313018,12.4196572,drinking_water,,,node/1227933202
"POINT (12.4246251 41.9391174)",,41.9391174,12.4246251,drinking_water,,,node/1227933197
"POINT (12.4215652 41.9355755)",,41.9355755,12.4215652,drinking_water,,,node/1227933196
"POINT (12.4242268 41.937243)",,41.937243,12.4242268,drinking,,,node/1227933179
"POINT (12.4588361 41.9079315)",,41.9079315,12.4588361,nasone,,,node/1226972681
"POINT (12.4494954 41.915373)",,41.915373,12.4494954,drinking_water,,,node/1217678869
"POINT (12.4573827 41.9064045)",,41.9064045,12.4573827,nasone,,,node/1217611041
"POINT (12.412088 41.8941744)",,41.8941744,12.412088,drinking_water,,,node/1214202355
"POINT (12.4291857 41.8987313)",,41.8987313,12.4291857,nasone,,,node/1214196046
"POINT (12.5026762 41.9029123)",,41.9029123,12.5026762,nasone,,,node/1212697221
"POINT (12.4897416 41.9190628)",,41.9190628,12.4897416,nasone,,,node/1211869206
"POINT (12.4362858 41.91287)",,41.91287,12.4362858,drinking_water,,,node/1195436852
"POINT (12.4457438 41.9226568)",,41.9226568,12.4457438,drinking_water,,,node/1195429135
"POINT (12.4686485 41.9118809)",,41.9118809,12.4686485,nasone,,,node/1191560472
"POINT (12.5131079 41.9230775)",,41.9230775,12.5131079,drinking_water,,,node/1189767747
"POINT (12.5141674 41.9027046)",,41.9027046,12.5141674,drinking,,,node/1186379825
"POINT (12.5122436 41.9024835)",,41.9024835,12.5122436,drinking,,,node/1186377715
"POINT (12.5127472 41.9021767)",,41.9021767,12.5127472,bubbler,,,node/1186377713
"POINT (12.4731348 41.9190376)",,41.9190376,12.4731348,drinking_water,,,node/1184304673
"POINT (12.4600379 41.917042)",,41.917042,12.4600379,nasone,,,node/1174441693
"POINT (12.42093 41.9416477)",,41.9416477,12.42093,drinking_water,,,node/1170558791
"POINT (12.4942213 41.8900377)",,41.8900377,12.4942213,nasone,,,node/1170494282
"POINT (12.5044293 41.8923809)",,41.8923809,12.5044293,roman_wolf,,,node/1166747360
"POINT (12.477104 41.9047364)",,41.9047364,12.477104,nasone,,,node/1166403864
"POINT (12.4954695 41.8867552)",,41.8867552,12.4954695,nasone,,,node/1157932638
"POINT (12.5172499 41.8851722)",,41.8851722,12.5172499,drinking_water,,,node/1152505214
"POINT (12.5315026 41.88866)",,41.88866,12.5315026,drinking,,,node/1152505212
"POINT (12.4455078 41.8881554)",,41.8881554,12.4455078,stone_block,,,node/1152505204
"POINT (12.4575165 41.9149155)",,41.9149155,12.4575165,drinking_water,,,node/1151090487
"POINT (12.4555589 41.9148746)",,41.9148746,12.4555589,drinking_water,,,node/1151085005
"POINT (12.4748427 41.883971)",,41.883971,12.4748427,drinking,,,node/1147711810
"POINT (12.4648828 41.9195632)",,41.9195632,12.4648828,nasone,,,node/1142453098
"POINT (12.48748 41.8758117)",,41.8758117,12.48748,nasone,yes,,node/1142436425
"POINT (12.4565454 41.9179766)",,41.9179766,12.4565454,drinking_water,,,node/1142429777
"POINT (12.4685461 41.8887164)",,41.8887164,12.4685461,nasone,,,node/1119375650
"POINT (12.5168761 41.9041301)",,41.9041301,12.5168761,drinking,,,node/1118942876
"POINT (12.5163058 41.9030954)",,41.9030954,12.5163058,bubbler,,,node/1118942831
"POINT (12.5169095 41.9016852)",,41.9016852,12.5169095,bubbler,,,node/1118942806
"POINT (12.5140854 41.9028248)",,41.9028248,12.5140854,drinking,,,node/1118942799
"POINT (12.5160385 41.9035946)",,41.9035946,12.5160385,bubbler,,,node/1118942777
"POINT (12.4926208 41.8583413)",,41.8583413,12.4926208,nasone,,,node/1106045952
"POINT (12.4600602 41.8586245)",,41.8586245,12.4600602,nasone,,,node/1086982665
"POINT (12.5058654 42.010157)",,42.010157,12.5058654,drinking_water,,,node/1080875660
"POINT (12.4749282 41.9016448)",,41.9016448,12.4749282,drinking,,,node/1043162429
"POINT (12.4838797 41.9158025)",,41.9158025,12.4838797,drinking_water,,,node/1012758234
"POINT (12.4433645 41.9142156)",,41.9142156,12.4433645,nasone,,,node/1009265256
"POINT (12.5819444 41.9386975)",,41.9386975,12.5819444,drinking_water,,,node/977664331
"POINT (12.5662233 41.8914766)",,41.8914766,12.5662233,nasone,yes,,node/970283151
"POINT (12.5480641 41.8781511)",,41.8781511,12.5480641,nasone,,,node/963203601
"POINT (12.5395298 41.8782522)",,41.8782522,12.5395298,nasone,,,node/963152534
"POINT (12.4589768 41.9181772)",,41.9181772,12.4589768,drinking_water,,,node/959828138
"POINT (12.5748733 41.9417106)",,41.9417106,12.5748733,drinking_water,,,node/957695757
"POINT (12.4968765 41.8889852)",,41.8889852,12.4968765,nasone,,,node/953909059
"POINT (12.4761698 41.9009517)",,41.9009517,12.4761698,drinking_water,,,node/953909053
"POINT (12.48238 41.8922771)",,41.8922771,12.48238,roman_wolf,,,node/953909049
"POINT (12.4883755 41.890985)",,41.890985,12.4883755,drinking_water,,,node/953890062
"POINT (12.4879526 41.8887986)",,41.8887986,12.4879526,drinking_water,,,node/953890053
"POINT (12.4830301 41.9066282)",,41.9066282,12.4830301,nasone,,,node/953841622
"POINT (12.2972431 41.7582077)",,41.7582077,12.2972431,drinking_water,yes,,node/953841606
"POINT (12.4555352 41.9072961)",,41.9072961,12.4555352,nasone,,,node/894768622
"POINT (12.4358896 41.8146024)",,41.8146024,12.4358896,drinking_water,,,node/890718737
"POINT (12.4050426 41.9652546)",,41.9652546,12.4050426,drinking_water,,,node/874443046
"POINT (12.3667416 41.9510363)",,41.9510363,12.3667416,drinking_water,,,node/874412011
"POINT (12.4914226 41.8655394)",,41.8655394,12.4914226,nasone,,,node/871790386
"POINT (12.5675989 41.900889)",,41.900889,12.5675989,drinking_water,,,node/867174897
"POINT (12.4536571 41.9070879)",,41.9070879,12.4536571,nasone,,,node/849786035
"POINT (12.4583036 41.9227548)",,41.9227548,12.4583036,drinking_water,,,node/813855268
"POINT (12.4188041 41.9414126)",,41.9414126,12.4188041,drinking_water,,,node/812413929
"POINT (12.4178266 41.939961)",,41.939961,12.4178266,bubbler,,,node/812413926
"POINT (12.419115 41.9403396)",,41.9403396,12.419115,drinking_water,,out of service,node/812413922
"POINT (12.4171024 41.9413144)",,41.9413144,12.4171024,drinking_water,,,node/812413911
"POINT (12.5652791 41.9203693)",,41.9203693,12.5652791,nasone,,,node/801398931
"POINT (12.4543686 41.9106929)",,41.9106929,12.4543686,nasone,,,node/797693420
"POINT (12.5283062 41.9520038)",,41.9520038,12.5283062,nasone,,,node/797121551
"POINT (12.2729894 41.7309794)",,41.7309794,12.2729894,drinking_water,,,node/783203438
"POINT (12.2826753 41.7279186)",,41.7279186,12.2826753,nasone,,,node/783203427
"POINT (12.2749795 41.732025)",,41.732025,12.2749795,drinking,,,node/783203384
"POINT (12.2822053 41.7303356)",,41.7303356,12.2822053,drinking,,,node/783203374
"POINT (12.2808291 41.7306928)",,41.7306928,12.2808291,drinking,,,node/783203362
"POINT (12.2753389 41.7309921)",,41.7309921,12.2753389,drinking,,,node/783203338
"POINT (12.4461107 41.9285271)",,41.9285271,12.4461107,drinking_water,,,node/774108590
"POINT (12.4159091 41.9393335)",,41.9393335,12.4159091,drinking_water,yes,,node/773660293
"POINT (12.4535066 41.910138)",,41.910138,12.4535066,nasone,,,node/767189118
"POINT (12.2988663 41.7333907)",,41.7333907,12.2988663,drinking_water,,,node/757356230
"POINT (12.2813899 41.7295109)",,41.7295109,12.2813899,drinking,,,node/757356217
"POINT (12.2858132 41.7289493)",,41.7289493,12.2858132,drinking,,,node/757356212
"POINT (12.2907231 41.7347936)",,41.7347936,12.2907231,drinking,,,node/757356169
"POINT (12.4564842 41.9160317)",,41.9160317,12.4564842,nasone,,,node/754720780
"POINT (12.453058 41.9132789)",,41.9132789,12.453058,drinking_water,,,node/754705366
"POINT (12.4579753 41.9106546)",,41.9106546,12.4579753,nasone,,,node/747878163
"POINT (12.2834645 41.732719)",,41.732719,12.2834645,drinking_water,,,node/746777878
"POINT (12.2847889 41.7302907)",,41.7302907,12.2847889,drinking_water,,,node/746771558
"POINT (12.4187519 41.9407644)",,41.9407644,12.4187519,drinking_water,,,node/745063201
"POINT (12.3337106 41.7240745)",,41.7240745,12.3337106,drinking_water,,,node/691534074
"POINT (12.3298901 41.721911)",,41.721911,12.3298901,drinking_water,,,node/691534067
"POINT (12.4557003 41.9114774)",,41.9114774,12.4557003,drinking_water,,,node/688606241
"POINT (12.4504155 41.9103051)",,41.9103051,12.4504155,nasone,,,node/685764399
"POINT (12.4915911 41.8829819)",,41.8829819,12.4915911,nasone,,,node/685465032
"POINT (12.4912644 41.8793236)",,41.8793236,12.4912644,drinking_water,,,node/685465031
"POINT (12.4875779 41.8891234)",,41.8891234,12.4875779,drinking_water,,,node/685461877
"POINT (12.4867108 41.8902623)",,41.8902623,12.4867108,drinking_water,,,node/685457655
"POINT (12.5342468 41.8913504)",,41.8913504,12.5342468,nasone,,,node/678536235
"POINT (12.4759694 41.9111368)",,41.9111368,12.4759694,drinking,,,node/666062346
"POINT (12.4763574 41.9112267)",,41.9112267,12.4763574,drinking,,,node/666060909
"POINT (12.4793873 41.9382139)",,41.9382139,12.4793873,nasone,,,node/660336663
"POINT (12.4668848 41.9364912)",,41.9364912,12.4668848,nasone,,,node/660310379
"POINT (12.4619037 41.9227328)",,41.9227328,12.4619037,nasone,,,node/653894259
"POINT (12.4481421 41.9089788)",,41.9089788,12.4481421,drinking,,,node/652443151
"POINT (12.4613037 41.9076634)",,41.9076634,12.4613037,nasone,,,node/650391362
"POINT (12.4600654 41.9075181)",,41.9075181,12.4600654,nasone,,,node/650391360
"POINT (12.5110461 41.9165276)",,41.9165276,12.5110461,drinking_water,,,node/648644602
"POINT (12.4502754 41.9092022)",,41.9092022,12.4502754,nasone,,,node/648637057
"POINT (12.4236057 41.8507009)",,41.8507009,12.4236057,nasone,yes,,node/639862463
"POINT (12.4036078 41.7949917)",,41.7949917,12.4036078,drinking_water,,,node/639862460
"POINT (12.3619792 41.7855099)",,41.7855099,12.3619792,drinking_water,,,node/639862448
"POINT (12.3730299 41.76929)",,41.76929,12.3730299,drinking_water,,,node/639862443
"POINT (12.305597 41.7617864)",,41.7617864,12.305597,drinking,,,node/639862434
"POINT (12.3079899 41.7530699)",,41.7530699,12.3079899,drinking_water,,,node/639862430
"POINT (12.3031489 41.7605868)",,41.7605868,12.3031489,nasone,,,node/639862424
"POINT (12.3012281 41.7600488)",,41.7600488,12.3012281,nasone,,,node/639862421
"POINT (12.4539111 41.9083243)",,41.9083243,12.4539111,drinking,,,node/639831973
"POINT (12.464816 41.8818805)",,41.8818805,12.464816,nasone,,,node/639831941
"POINT (12.4601099 41.8840666)",,41.8840666,12.4601099,nasone,,,node/639831932
"POINT (12.4621767 41.8810528)",,41.8810528,12.4621767,drinking,,,node/639831929
"POINT (12.4615897 41.8802501)",,41.8802501,12.4615897,drinking_water,,,node/639831912
"POINT (12.4459302 41.7952662)",,41.7952662,12.4459302,drinking_water,,,node/639831909
"POINT (12.4446 41.79563)",,41.79563,12.4446,drinking_water,,,node/639831899
"POINT (12.44898 41.79184)",,41.79184,12.44898,drinking_water,,,node/639831896
"POINT (12.44342 41.78999)",,41.78999,12.44342,drinking_water,,,node/639831887
"POINT (12.43363 41.77612)",,41.77612,12.43363,drinking_water,,,node/639831874
"POINT (12.4273976 41.77841)",,41.77841,12.4273976,drinking_water,,,node/639831871
"POINT (12.4307599 41.77845)",,41.77845,12.4307599,drinking_water,,,node/639831864
"POINT (12.2774772 41.7320347)",,41.7320347,12.2774772,drinking,,,node/639831842
"POINT (12.2724276 41.7354835)",,41.7354835,12.2724276,drinking_water,,,node/639831817
"POINT (12.2686607 41.735651)",,41.735651,12.2686607,bubbler,,,node/639831780
"POINT (12.2701509 41.7318615)",,41.7318615,12.2701509,drinking,,,node/639831773
"POINT (12.4659264 41.8993868)",,41.8993868,12.4659264,drinking_water,,,node/639673187
"POINT (12.466891 41.8974687)",,41.8974687,12.466891,nasone,,,node/639673167
"POINT (12.4675637 41.8972648)",,41.8972648,12.4675637,nasone,,,node/639673162
"POINT (12.466847 41.8924941)",,41.8924941,12.466847,drinking,,,node/639673153
"POINT (12.4670359 41.8909269)",,41.8909269,12.4670359,drinking_water,,,node/639673131
"POINT (12.4508885 41.9077087)",,41.9077087,12.4508885,nasone,,,node/630492085
"POINT (12.4455182 41.9180085)",,41.9180085,12.4455182,drinking_water,,,node/626494415
"POINT (12.4593589 41.9176537)",,41.9176537,12.4593589,drinking_water,,,node/625381962
"POINT (12.4452266 41.9049522)",,41.9049522,12.4452266,nasone,,,node/618922940
"POINT (12.4441843 41.9059661)",,41.9059661,12.4441843,nasone,,,node/618922939
"POINT (12.4480537 41.9060922)",,41.9060922,12.4480537,nasone,,,node/583771384
"POINT (12.4493669 41.9071191)",,41.9071191,12.4493669,nasone,,,node/583771380
"POINT (12.4554988 41.9086447)",,41.9086447,12.4554988,nasone,,,node/583425768
"POINT (12.4529739 41.9098165)",,41.9098165,12.4529739,nasone,,,node/583258237
"POINT (12.4498901 41.9098124)",,41.9098124,12.4498901,nasone,,,node/583257851
"POINT (12.4445319 41.9085509)",,41.9085509,12.4445319,nasone,,,node/583256850
"POINT (12.5257309 41.9510254)",,41.9510254,12.5257309,nasone,,,node/574968777
"POINT (12.5308085 41.950818)",,41.950818,12.5308085,nasone,,,node/574960654
"POINT (12.5319392 41.9474948)",,41.9474948,12.5319392,nasone,,,node/574960624
"POINT (12.4801291 41.8695541)",,41.8695541,12.4801291,drinking_water,private,currently not accessible, inside construction site,node/566512925
"POINT (12.5059659 41.9347297)",,41.9347297,12.5059659,drinking_water,,,node/564679380
"POINT (12.5065527 41.9279304)",,41.9279304,12.5065527,nasone,,,node/564466957
"POINT (12.5079266 41.9316026)",,41.9316026,12.5079266,drinking_water,,,node/564434526
"POINT (12.5101466 41.9267059)",,41.9267059,12.5101466,nasone,,,node/564421074
"POINT (12.5067289 41.9260913)",,41.9260913,12.5067289,nasone,,,node/564399176
"POINT (12.5205064 41.9152367)",,41.9152367,12.5205064,nasone,,,node/564399160
"POINT (12.5421042 41.8800807)",,41.8800807,12.5421042,nasone,yes,,node/564286710
"POINT (12.4999276 41.9246306)",,41.9246306,12.4999276,bubbler,,,node/564075638
"POINT (12.4970366 41.9253381)",,41.9253381,12.4970366,drinking_water,,,node/564075629
"POINT (12.5462623 41.8716326)",,41.8716326,12.5462623,nasone,,,node/563751584
"POINT (12.5463623 41.8688422)",,41.8688422,12.5463623,nasone,,,node/563751578
"POINT (12.491332 41.8578135)",,41.8578135,12.491332,nasone,,,node/563222067
"POINT (12.5025384 41.9042563)",,41.9042563,12.5025384,nasone,,,node/560447974
"POINT (12.5033509 41.878846)",,41.878846,12.5033509,nasone,,,node/551832340
"POINT (12.5045821 41.8783991)",,41.8783991,12.5045821,nasone,,,node/551832306
"POINT (12.4997696 41.8829156)",,41.8829156,12.4997696,nasone,,,node/551785500
"POINT (12.4706953 41.8995059)",,41.8995059,12.4706953,nasone,,,node/550325611
"POINT (12.4694562 41.8994971)",,41.8994971,12.4694562,drinking_water,,,node/550325587
"POINT (12.5646749 41.8900533)",,41.8900533,12.5646749,nasone,,,node/549848104
"POINT (12.4726316 41.8924195)",,41.8924195,12.4726316,nasone,,,node/521790371
"POINT (12.4738407 41.8917972)",,41.8917972,12.4738407,nasone,,,node/521790367
"POINT (12.490431 41.8755739)",,41.8755739,12.490431,nasone,,,node/508307504
"POINT (12.4747303 41.8769272)",,41.8769272,12.4747303,nasone,,,node/508307502
"POINT (12.4801727 41.8844827)",,41.8844827,12.4801727,nasone,,,node/497353710
"POINT (12.4934283 41.8913309)",,41.8913309,12.4934283,stone_block,,,node/495113034
"POINT (12.5203364 41.8756848)",,41.8756848,12.5203364,drinking_water,,,node/495101720
"POINT (12.518369 41.8756305)",,41.8756305,12.518369,drinking_water,,,node/495101708
"POINT (12.4742935 41.8931484)",,41.8931484,12.4742935,nasone,,,node/495048544
"POINT (12.582745 41.9369461)",,41.9369461,12.582745,drinking_water,,,node/473935036
"POINT (12.5802011 41.9406499)",,41.9406499,12.5802011,drinking_water,,,node/473932845
"POINT (12.4507751 41.8560029)",,41.8560029,12.4507751,nasone,,,node/472231123
"POINT (12.5805782 41.9418001)",,41.9418001,12.5805782,drinking_water,,,node/471976146
"POINT (12.5029448 41.8903641)",,41.8903641,12.5029448,nasone,,,node/469752582
"POINT (12.4797159 41.9032046)",,41.9032046,12.4797159,drinking_water,,,node/469752228
"POINT (12.462676 41.9078732)",,41.9078732,12.462676,nasone,,,node/469751052
"POINT (12.4607388 41.9083942)",,41.9083942,12.4607388,nasone,,,node/469750703
"POINT (12.5215555 41.8835069)",,41.8835069,12.5215555,drinking_water,,,node/469543591
"POINT (12.573166 41.919407)",,41.919407,12.573166,drinking_water,,,node/466528498
"POINT (12.4914783 41.8669112)",,41.8669112,12.4914783,nasone,,,node/464002538
"POINT (12.4783188 41.8487994)",,41.8487994,12.4783188,nasone,,,node/459100450
"POINT (12.4766353 41.8558693)",,41.8558693,12.4766353,nasone,,,node/459100439
"POINT (12.4841288 41.8611605)",,41.8611605,12.4841288,nasone,,,node/458435674
"POINT (12.4835022 41.8609188)",,41.8609188,12.4835022,nasone,,,node/458435672
"POINT (12.5222785 41.8755266)",,41.8755266,12.5222785,drinking_water,,,node/458406152
"POINT (12.4969911 41.9023476)",,41.9023476,12.4969911,nasone,,,node/454458848
"POINT (12.5314335 41.8654541)",,41.8654541,12.5314335,drinking_water,,,node/454447567
"POINT (12.5325305 41.8645243)",,41.8645243,12.5325305,drinking_water,,,node/454447561
"POINT (12.4925951 41.9213868)",,41.9213868,12.4925951,drinking_water,,,node/448974450
"POINT (12.4857363 41.9232412)",,41.9232412,12.4857363,drinking_water,,,node/448962657
"POINT (12.4872161 41.9225704)",,41.9225704,12.4872161,drinking_water,,,node/448962656
"POINT (12.4863211 41.9243949)",,41.9243949,12.4863211,nasone,,,node/448962643
"POINT (12.4899907 41.9222087)",,41.9222087,12.4899907,nasone,,,node/448962630
"POINT (12.4711641 41.9235597)",,41.9235597,12.4711641,drinking_water,,,node/448931409
"POINT (12.4994997 41.9103117)",,41.9103117,12.4994997,drinking_water,,,node/448927785
"POINT (12.5109557 41.8783986)",,41.8783986,12.5109557,drinking_water,,,node/445696058
"POINT (12.5645 41.8553285)",,41.8553285,12.5645,drinking_water,,,node/445644678
"POINT (12.5645648 41.8557474)",,41.8557474,12.5645648,drinking,,,node/445644674
"POINT (12.5590774 41.8588559)",,41.8588559,12.5590774,nasone,,,node/445644671
"POINT (12.5100116 41.9211507)",,41.9211507,12.5100116,bubbler,,,node/442928022
"POINT (12.5161583 41.9292191)",,41.9292191,12.5161583,drinking_water,,,node/442927969
"POINT (12.5276668 41.937002)",,41.937002,12.5276668,drinking_water,,,node/442927922
"POINT (12.523996 41.9396062)",,41.9396062,12.523996,drinking_water,,,node/442927803
"POINT (12.4793032 41.9175135)",,41.9175135,12.4793032,drinking_water,,,node/429907689
"POINT (12.4784296 41.8264166)",,41.8264166,12.4784296,drinking_water,,,node/427841374
"POINT (12.4855293 41.8460753)",,41.8460753,12.4855293,nasone,,,node/427840863
"POINT (12.4494952 41.910856)",,41.910856,12.4494952,nasone,,,node/422707974
"POINT (12.4718047 41.8155112)",,41.8155112,12.4718047,drinking_water,,,node/422264765
"POINT (12.5185665 41.8783744)",,41.8783744,12.5185665,drinking_water,,,node/420456010
"POINT (12.4855825 41.812567)",,41.812567,12.4855825,drinking_water,,,node/418369261
"POINT (12.5619978 41.8772363)",,41.8772363,12.5619978,drinking_water,,,node/417693300
"POINT (12.5349727 41.8879009)",,41.8879009,12.5349727,nasone,,,node/414271434
"POINT (12.53732 41.9329503)",,41.9329503,12.53732,drinking_water,,,node/413520229
"POINT (12.5237399 41.9333202)",,41.9333202,12.5237399,drinking_water,,,node/413518830
"POINT (12.5260168 41.9265513)",,41.9265513,12.5260168,drinking_water,,,node/413518065
"POINT (12.5197379 41.9269193)",,41.9269193,12.5197379,drinking_water,,,node/413517621
"POINT (12.5228978 41.921463)",,41.921463,12.5228978,drinking_water,,,node/413517363
"POINT (12.5234939 41.9223743)",,41.9223743,12.5234939,drinking_water,,,node/413517362
"POINT (12.4936195 41.9230223)",,41.9230223,12.4936195,drinking_water,,,node/413506165
"POINT (12.4686045 41.8846824)",,41.8846824,12.4686045,nasone,,,node/413495062
"POINT (12.5213339 41.8695734)",,41.8695734,12.5213339,nasone,,,node/412045679
"POINT (12.4797698 41.8999505)",,41.8999505,12.4797698,drinking_water,,,node/410783553
"POINT (12.5124769 41.8802285)",,41.8802285,12.5124769,nasone,,,node/410780417
"POINT (12.5023735 41.878405)",,41.878405,12.5023735,nasone,,,node/410773096
"POINT (12.501202 41.8790366)",,41.8790366,12.501202,nasone,,,node/410773095
"POINT (12.5108229 41.8590824)",,41.8590824,12.5108229,drinking,,,node/402536349
"POINT (12.5210433 41.8991099)",,41.8991099,12.5210433,drinking_water,,,node/394259748
"POINT (12.489377 41.8749962)",,41.8749962,12.489377,nasone,yes,,node/393466818
"POINT (12.3156782 41.7312725)",,41.7312725,12.3156782,drinking,,,node/389866937
"POINT (12.3118943 41.7271369)",,41.7271369,12.3118943,stone_block,,,node/389866935
"POINT (12.3078026 41.7225748)",,41.7225748,12.3078026,stone_block,yes,,node/389866931
"POINT (12.494519 41.8877413)",,41.8877413,12.494519,nasone,,,node/388984003
"POINT (12.4949446 41.8869371)",,41.8869371,12.4949446,drinking_water,,,node/388983995
"POINT (12.5079271 41.8784002)",,41.8784002,12.5079271,nasone,,,node/388924805
"POINT (12.5255347 41.9077256)",,41.9077256,12.5255347,drinking_water,,,node/388907969
"POINT (12.4802583 41.8603371)",,41.8603371,12.4802583,nasone,,,node/388870114
"POINT (12.4873554 41.8603148)",,41.8603148,12.4873554,nasone,,,node/388870113
"POINT (12.5048343 41.9023739)",,41.9023739,12.5048343,nasone,,,node/388853795
"POINT (12.506153 41.9022999)",,41.9022999,12.506153,nasone,,,node/388853793
"POINT (12.5326942 41.9268244)",,41.9268244,12.5326942,drinking_water,,,node/388839944
"POINT (12.5288951 41.9300024)",,41.9300024,12.5288951,drinking_water,,,node/388837903
"POINT (12.5245509 41.9288644)",,41.9288644,12.5245509,drinking_water,,,node/388837896
"POINT (12.5068917 41.9277885)",,41.9277885,12.5068917,drinking_water,,,node/388829841
"POINT (12.5052346 41.9283707)",,41.9283707,12.5052346,drinking_water,,,node/388829715
"POINT (12.3131308 41.715693)",,41.715693,12.3131308,drinking_water,,,node/388767492
"POINT (12.2774571 41.7309447)",,41.7309447,12.2774571,drinking,,,node/388734403
"POINT (12.2781181 41.7301228)",,41.7301228,12.2781181,stone_block,,,node/388734396
"POINT (12.5591622 41.8515314)",,41.8515314,12.5591622,nasone,,,node/385020821
"POINT (12.4465331 41.9090518)",,41.9090518,12.4465331,nasone,,,node/377079548
"POINT (12.4457022 41.8265849)",,41.8265849,12.4457022,nasone,,,node/373834232
"POINT (12.4291714 41.8377673)",,41.8377673,12.4291714,drinking_water,,,node/368240326
"POINT (12.4313171 41.8370123)",,41.8370123,12.4313171,drinking,,,node/368237711
"POINT (12.5710821 41.9265388)",,41.9265388,12.5710821,drinking,,,node/368010629
"POINT (12.4208521 41.8469382)",,41.8469382,12.4208521,drinking,,,node/367850057
"POINT (12.4309961 41.8346142)",,41.8346142,12.4309961,drinking_water,,,node/367850050
"POINT (12.4256507 41.8370695)",,41.8370695,12.4256507,drinking_water,,,node/367849358
"POINT (12.4178548 41.8441052)",,41.8441052,12.4178548,drinking_water,,,node/367849229
"POINT (12.5780188 41.9132401)",,41.9132401,12.5780188,drinking_water,,,node/361135953
"POINT (12.5839344 41.9006681)",,41.9006681,12.5839344,drinking_water,,,node/361134441
"POINT (12.5420153 41.8911982)",,41.8911982,12.5420153,nasone,,,node/361132365
"POINT (12.5440259 41.8569529)",,41.8569529,12.5440259,drinking_water,,,node/358425635
"POINT (12.5431628 41.8582257)",,41.8582257,12.5431628,nasone,,,node/358425632
"POINT (12.4718166 41.9007295)",,41.9007295,12.4718166,drinking_water,,,node/358421556
"POINT (12.4730011 41.8999853)",,41.8999853,12.4730011,nasone,,,node/358421553
"POINT (12.4809546 41.8545544)",,41.8545544,12.4809546,nasone,,,node/358415348
"POINT (12.5181099 41.9100931)",,41.9100931,12.5181099,nasone,,,node/356707639
"POINT (12.4988508 41.861117)",,41.861117,12.4988508,nasone,,,node/353906538
"POINT (12.49775 41.8561773)",,41.8561773,12.49775,nasone,,,node/353905326
"POINT (12.4951164 41.8568384)",,41.8568384,12.4951164,nasone,private,,node/353892594
"POINT (12.4939699 41.8561171)",,41.8561171,12.4939699,drinking_water,private,,node/353892591
"POINT (12.5023085 41.8593337)",,41.8593337,12.5023085,nasone,,,node/339410242
"POINT (12.4977644 41.856808)",,41.856808,12.4977644,nasone,,,node/339409293
"POINT (12.5227995 41.8725932)",,41.8725932,12.5227995,drinking_water,,,node/336636539
"POINT (12.5245107 41.8731925)",,41.8731925,12.5245107,drinking,,,node/336636532
"POINT (12.5215069 41.8863673)",,41.8863673,12.5215069,nasone,,,node/336591743
"POINT (12.5641788 41.9116882)",,41.9116882,12.5641788,nasone,,,node/335608234
"POINT (12.5238012 41.91706)",,41.91706,12.5238012,drinking_water,,,node/334497041
"POINT (12.5483747 41.8614303)",,41.8614303,12.5483747,nasone,,,node/332106702
"POINT (12.515989 41.8785749)",,41.8785749,12.515989,drinking_water,yes,,node/332093624
"POINT (12.5100492 41.8800188)",,41.8800188,12.5100492,drinking_water,,,node/332092590
"POINT (12.5109295 41.8800978)",,41.8800978,12.5109295,drinking_water,,,node/332092570
"POINT (12.5109311 41.8799604)",,41.8799604,12.5109311,drinking_water,,,node/332092567
"POINT (12.5118739 41.8814955)",,41.8814955,12.5118739,nasone,,,node/330879692
"POINT (12.5010324 41.8937726)",,41.8937726,12.5010324,nasone,,,node/327114989
"POINT (12.5015671 41.8799635)",,41.8799635,12.5015671,drinking_water,,,node/319116317
"POINT (12.5028546 41.852539)",,41.852539,12.5028546,nasone,,,node/310470008
"POINT (12.4852824 41.8748678)",,41.8748678,12.4852824,nasone,,,node/309569715
"POINT (12.4731175 41.9067618)",,41.9067618,12.4731175,nasone,,,node/309569311
"POINT (12.4689015 41.906511)",,41.906511,12.4689015,drinking_water,,,node/309569305
"POINT (12.4720808 41.9209127)",,41.9209127,12.4720808,nasone,,,node/309568304
"POINT (12.4688577 41.9286382)",,41.9286382,12.4688577,nasone,yes,,node/309568303
"POINT (12.4636943 41.9275156)",,41.9275156,12.4636943,nasone,,,node/309568191
"POINT (12.5130822 41.8720562)",,41.8720562,12.5130822,nasone,,,node/309566299
"POINT (12.5385823 41.8689594)",,41.8689594,12.5385823,nasone,,,node/309562123
"POINT (12.5243747 41.8855196)",,41.8855196,12.5243747,nasone,,,node/309560165
"POINT (12.5211854 41.8850057)",,41.8850057,12.5211854,bubbler,,,node/309560164
"POINT (12.4766733 41.8878479)",,41.8878479,12.4766733,drinking_water,,,node/307961720
"POINT (12.5299285 41.8692886)",,41.8692886,12.5299285,drinking_water,,,node/307557541
"POINT (12.5298946 41.8737956)",,41.8737956,12.5298946,drinking_water,,,node/307552031
"POINT (12.5541303 41.8567397)",,41.8567397,12.5541303,nasone,,,node/307505578
"POINT (12.5359443 41.9348605)",,41.9348605,12.5359443,drinking_water,,,node/305814414
"POINT (12.5375486 41.8858382)",,41.8858382,12.5375486,drinking,,,node/305814178
"POINT (12.5408564 41.878188)",,41.878188,12.5408564,nasone,,,node/305813670
"POINT (12.539042 41.88262)",,41.88262,12.539042,drinking,,,node/305813668
"POINT (12.5379515 41.8775877)",,41.8775877,12.5379515,nasone,,,node/305813661
"POINT (12.483241 41.8426767)",,41.8426767,12.483241,nasone,,,node/304151933
"POINT (12.4839691 41.8451078)",,41.8451078,12.4839691,nasone,,,node/304151931
"POINT (12.5265515 41.867774)",,41.867774,12.5265515,nasone,,,node/303873369
"POINT (12.5244513 41.8669008)",,41.8669008,12.5244513,nasone,,,node/303873368
"POINT (12.5238619 41.8669164)",,41.8669164,12.5238619,roman_wolf,,,node/303873366
"POINT (12.5015638 41.8617202)",,41.8617202,12.5015638,nasone,,,node/302113233
"POINT (12.5043822 41.8796954)",,41.8796954,12.5043822,drinking,,,node/302112953
"POINT (12.5028633 41.8824822)",,41.8824822,12.5028633,drinking_water,,,node/302112951
"POINT (12.503245 41.9136719)",,41.9136719,12.503245,drinking_water,,,node/301491693
"POINT (12.537748 41.8794569)",,41.8794569,12.537748,nasone,,,node/300614370
"POINT (12.541932 41.879244)",,41.879244,12.541932,nasone,,,node/300614369
"POINT (12.5462753 41.8660812)",,41.8660812,12.5462753,nasone,,,node/300614368
"POINT (12.5477751 41.8685541)",,41.8685541,12.5477751,drinking_water,,,node/300614367
"POINT (12.5596064 41.8800233)",,41.8800233,12.5596064,drinking_water,,,node/300614364
"POINT (12.5633155 41.8939751)",,41.8939751,12.5633155,nasone,,,node/300614363
"POINT (12.5666187 41.8978736)",,41.8978736,12.5666187,nasone,,,node/300613268
"POINT (12.5664241 41.8988105)",,41.8988105,12.5664241,drinking_water,,,node/300613267
"POINT (12.5628765 41.9050305)",,41.9050305,12.5628765,drinking_water,,,node/300610322
"POINT (12.5617993 41.9048719)",,41.9048719,12.5617993,drinking_water,,,node/300610321
"POINT (12.5597086 41.904729)",,41.904729,12.5597086,drinking_water,,,node/300610320
"POINT (12.5528517 41.905444)",,41.905444,12.5528517,drinking_water,,,node/300610319
"POINT (12.5502706 41.9042689)",,41.9042689,12.5502706,drinking_water,,,node/300610318
"POINT (12.514119 41.8948347)",,41.8948347,12.514119,drinking_water,,,node/300607490
"POINT (12.5019479 41.9165687)",,41.9165687,12.5019479,nasone,,,node/300607489
"POINT (12.5004471 41.9057105)",,41.9057105,12.5004471,nasone,,,node/300580540
"POINT (12.512835 41.8967637)",,41.8967637,12.512835,drinking_water,,,node/300578572
"POINT (12.4757042 41.8548399)",,41.8548399,12.4757042,nasone,,,node/300564719
"POINT (12.4881521 41.8544188)",,41.8544188,12.4881521,nasone,,,node/299617520
"POINT (12.4866762 41.8481926)",,41.8481926,12.4866762,nasone,,,node/294703377
"POINT (12.4851917 41.8493059)",,41.8493059,12.4851917,nasone,,,node/294703373
"POINT (12.4815586 41.8384002)",,41.8384002,12.4815586,nasone,,,node/294113462
"POINT (12.4757848 41.7867995)",,41.7867995,12.4757848,drinking_water,,,node/285882241
"POINT (12.504027 41.875699)",,41.875699,12.504027,nasone,,,node/281643625
"POINT (12.5532466 41.8373797)",,41.8373797,12.5532466,drinking_water,,,node/281630155
"POINT (12.5517461 41.8366362)",,41.8366362,12.5517461,nasone,,,node/281630154
"POINT (12.4999906 41.8618055)",,41.8618055,12.4999906,nasone,,,node/281630057
"POINT (12.5003989 41.8915913)",,41.8915913,12.5003989,nasone,,,node/281352641
"POINT (12.5214648 41.8794122)",,41.8794122,12.5214648,drinking_water,,,node/281351999
"POINT (12.5279087 41.877742)",,41.877742,12.5279087,drinking_water,,,node/281351996
"POINT (12.4919798 41.8515648)",,41.8515648,12.4919798,nasone,,,node/281351621
"POINT (12.488946 41.8641679)",,41.8641679,12.488946,nasone,,,node/281351520
"POINT (12.4922226 41.8963253)",,41.8963253,12.4922226,drinking,,,node/281351519
"POINT (12.5012652 41.8757912)",,41.8757912,12.5012652,nasone,,,node/281348404
"POINT (12.499945 41.8762653)",,41.8762653,12.499945,drinking_water,,,node/281348403
"POINT (12.4767467 41.8929056)",,41.8929056,12.4767467,nasone,yes,,node/281348360
"POINT (12.4735047 41.8960295)",,41.8960295,12.4735047,stone_block,,,node/281348359
"POINT (12.4786635 41.8936532)",,41.8936532,12.4786635,drinking,,,node/281348358
"POINT (12.4741269 41.8951654)",,41.8951654,12.4741269,nasone,,,node/281348357
"POINT (12.471068 41.8965137)",,41.8965137,12.471068,nasone,,,node/281348356
"POINT (12.5160285 41.8701835)",,41.8701835,12.5160285,nasone,,,node/281141311
"POINT (12.5162725 41.8695856)",,41.8695856,12.5162725,drinking_water,,,node/281141310
"POINT (12.5175772 41.8719288)",,41.8719288,12.5175772,drinking_water,,,node/281141273
"POINT (12.5193287 41.8742663)",,41.8742663,12.5193287,drinking_water,,,node/281140563
"POINT (12.5186098 41.8741999)",,41.8741999,12.5186098,nasone,,,node/281140562
"POINT (12.5152695 41.874886)",,41.874886,12.5152695,nasone,,,node/281140127
"POINT (12.5146119 41.8755287)",,41.8755287,12.5146119,drinking_water,,,node/281140126
"POINT (12.5477105 41.8630973)",,41.8630973,12.5477105,nasone,,,node/280888443
"POINT (12.525587 41.8767866)",,41.8767866,12.525587,nasone,,,node/280888442
"POINT (12.5009036 41.889461)",,41.889461,12.5009036,drinking_water,,,node/280155143
"POINT (12.262538 41.7340497)",,41.7340497,12.262538,drinking_water,,,node/280155142
"POINT (12.4679109 41.8814024)",,41.8814024,12.4679109,nasone,,,node/280114851
"POINT (12.5144256 41.872995)",,41.872995,12.5144256,nasone,,,node/279878641
"POINT (12.5191521 41.8814155)",,41.8814155,12.5191521,nasone,,,node/279788989
"POINT (12.5171582 41.8841698)",,41.8841698,12.5171582,drinking_water,,,node/279788988
"POINT (12.5178213 41.8686149)",,41.8686149,12.5178213,drinking_water,,,node/279783447
"POINT (12.464505 41.7895961)",,41.7895961,12.464505,drinking_water,,,node/279548998
"POINT (12.5076153 41.8890538)",,41.8890538,12.5076153,nasone,,,node/276555834
"POINT (12.5099858 41.8764563)",,41.8764563,12.5099858,nasone,,,node/276555586
"POINT (12.5027919 41.8629749)",,41.8629749,12.5027919,nasone,,,node/276553272
"POINT (12.5074856 41.8755935)",,41.8755935,12.5074856,nasone,,,node/276553156
"POINT (12.5062574 41.880431)",,41.880431,12.5062574,nasone,,,node/276552067
"POINT (12.5154662 41.8861979)",,41.8861979,12.5154662,drinking_water,,,node/276551793
"POINT (12.523173 41.8896715)",,41.8896715,12.523173,nasone,,,node/276551773
"POINT (12.5301364 41.9080531)",,41.9080531,12.5301364,drinking_water,,,node/276549965
"POINT (12.5106645 41.8990667)",,41.8990667,12.5106645,nasone,,,node/276549297
"POINT (12.506154 41.8745254)",,41.8745254,12.506154,drinking_water,,,node/276548701
"POINT (12.5085046 41.9110489)",,41.9110489,12.5085046,drinking_water,,,node/270317883
"POINT (12.5119818 41.8875318)",,41.8875318,12.5119818,drinking_water,,,node/270315816
"POINT (12.491293 41.8457809)",,41.8457809,12.491293,nasone,,,node/270302557
"POINT (12.4979899 41.8536576)",,41.8536576,12.4979899,nasone,,,node/270296197
"POINT (12.4998365 41.8578003)",,41.8578003,12.4998365,nasone,,,node/270290555
"POINT (12.5026369 41.8646372)",,41.8646372,12.5026369,nasone,,,node/270287332
"POINT (12.5002265 41.8664793)",,41.8664793,12.5002265,nasone,,,node/270287297
"POINT (12.5023183 41.8657699)",,41.8657699,12.5023183,roman_wolf,,,node/270287296
"POINT (12.501917 41.8657236)",,41.8657236,12.501917,nasone,,,node/270287292
"POINT (12.482332 41.8619355)",,41.8619355,12.482332,nasone,,,node/270199359
"POINT (12.5015731 41.911625)",,41.911625,12.5015731,nasone,,,node/270199175
"POINT (12.5011685 41.9130047)",,41.9130047,12.5011685,nasone,,,node/270199174
"POINT (12.4932314 41.8854777)",,41.8854777,12.4932314,roman_wolf,,,node/270198480
"POINT (12.4947844 41.8837598)",,41.8837598,12.4947844,roman_wolf,,,node/270198479
"POINT (12.494358 41.8855249)",,41.8855249,12.494358,roman_wolf,,,node/270198478
"POINT (12.5142644 41.9004327)",,41.9004327,12.5142644,drinking_water,,,node/270197916
"POINT (12.5172914 41.9042319)",,41.9042319,12.5172914,drinking,,,node/270197843
"POINT (12.510542 41.9096391)",,41.9096391,12.510542,drinking_water,,,node/270197842
"POINT (12.5138648 41.9069736)",,41.9069736,12.5138648,drinking_water,,,node/270197750
"POINT (12.5078425 41.9093572)",,41.9093572,12.5078425,drinking_water,,,node/270196887
"POINT (12.5205016 41.8678613)",,41.8678613,12.5205016,roman_wolf,,,node/270194708
"POINT (12.5089736 41.873905)",,41.873905,12.5089736,bubbler,,,node/270194436
"POINT (12.5064289 41.9095363)",,41.9095363,12.5064289,drinking_water,,,node/270193648
"POINT (12.497668 41.9200176)",,41.9200176,12.497668,drinking_water,,,node/270193647
"POINT (12.5103473 41.8913236)",,41.8913236,12.5103473,drinking,,,node/269224072
"POINT (12.5065262 41.8774301)",,41.8774301,12.5065262,nasone,,,node/267944268
"POINT (12.5031898 41.9120575)",,41.9120575,12.5031898,nasone,,,node/267941855
"POINT (12.4778969 41.9113883)",,41.9113883,12.4778969,nasone,,,node/267941846
"POINT (12.5083191 41.8848077)",,41.8848077,12.5083191,nasone,,,node/267158306
"POINT (12.5107289 41.886417)",,41.886417,12.5107289,drinking_water,,,node/267157925
"POINT (12.5138812 41.8874489)",,41.8874489,12.5138812,drinking_water,,,node/267157924
"POINT (12.5132676 41.887357)",,41.887357,12.5132676,drinking_water,,,node/267157923
"POINT (12.4735353 41.8940468)",,41.8940468,12.4735353,drinking,,,node/267112935
"POINT (12.464326 41.8965545)",,41.8965545,12.464326,bubbler,,,node/267112898
"POINT (12.4691021 41.8914635)",,41.8914635,12.4691021,nasone,,,node/267112897
"POINT (12.4875256 41.8833501)",,41.8833501,12.4875256,nasone,,,node/266965232
"POINT (12.4867147 41.8814483)",,41.8814483,12.4867147,nasone,,,node/266962641
"POINT (12.4854788 41.8778028)",,41.8778028,12.4854788,nasone,,,node/266962469
"POINT (12.4864779 41.8782724)",,41.8782724,12.4864779,nasone,,,node/266962468
"POINT (12.4787677 41.8720513)",,41.8720513,12.4787677,nasone,,,node/266788725
"POINT (12.4768705 41.8755024)",,41.8755024,12.4768705,drinking,,,node/266773746
"POINT (12.4803272 41.8850606)",,41.8850606,12.4803272,roman_wolf,,,node/266773744
"POINT (12.4840162 41.8824798)",,41.8824798,12.4840162,nasone,,,node/266773743
"POINT (12.4901658 41.8932611)",,41.8932611,12.4901658,drinking,,,node/266317282
"POINT (12.4931113 41.8926848)",,41.8926848,12.4931113,nasone,,,node/266310817
"POINT (12.5038415 41.8865531)",,41.8865531,12.5038415,nasone,,,node/265837380
"POINT (12.5097857 41.8863086)",,41.8863086,12.5097857,drinking_water,,,node/265767259
"POINT (12.5102293 41.8804411)",,41.8804411,12.5102293,drinking_water,,,node/265758250
"POINT (12.4857704 41.8614206)",,41.8614206,12.4857704,nasone,,,node/265752125
"POINT (12.481906 41.8597201)",,41.8597201,12.481906,nasone,,,node/265752122
"POINT (12.4809626 41.8883122)",,41.8883122,12.4809626,nasone,,,node/264897052
"POINT (12.5366054 41.893877)",,41.893877,12.5366054,nasone,,,node/264672607
"POINT (12.5370976 41.8943525)",,41.8943525,12.5370976,nasone,,,node/264672606
"POINT (12.5108983 41.894181)",,41.894181,12.5108983,nasone,,,node/264672605
"POINT (12.5818889 41.8376506)",,41.8376506,12.5818889,nasone,yes,,node/264489631
"POINT (12.5846845 41.8365333)",,41.8365333,12.5846845,drinking_water,,,node/264489624
"POINT (12.5464829 41.8675575)",,41.8675575,12.5464829,nasone,,,node/264269871
"POINT (12.511634 41.8412154)",,41.8412154,12.511634,nasone,,,node/264268970
"POINT (12.5077815 41.835718)",,41.835718,12.5077815,drinking_water,,,node/264268923
"POINT (12.4899058 41.8395308)",,41.8395308,12.4899058,drinking_water,,,node/264261799
"POINT (12.4891362 41.8411135)",,41.8411135,12.4891362,nasone,yes,,node/264261365
"POINT (12.4883493 41.8417726)",,41.8417726,12.4883493,nasone,,,node/264261346
"POINT (12.5404482 41.8342909)",,41.8342909,12.5404482,nasone,,,node/264253408
"POINT (12.4838213 41.8478466)",,41.8478466,12.4838213,nasone,,,node/264250537
"POINT (12.4832348 41.8457644)",,41.8457644,12.4832348,nasone,,,node/264250532
"POINT (12.4807003 41.8488312)",,41.8488312,12.4807003,nasone,,,node/264249791
"POINT (12.5211585 41.8514972)",,41.8514972,12.5211585,nasone,,,node/264249021
"POINT (12.5085826 41.9004635)",,41.9004635,12.5085826,nasone,,,node/262461036
"POINT (12.5130982 41.892918)",,41.892918,12.5130982,drinking_water,,,node/262330637
"POINT (12.5296287 41.8843181)",,41.8843181,12.5296287,drinking_water,,,node/261634325
"POINT (12.550385 41.8591758)",,41.8591758,12.550385,drinking_water,,,node/261632879
"POINT (12.5449826 41.8553969)",,41.8553969,12.5449826,drinking_water,,,node/261625431
"POINT (12.5534599 41.8543344)",,41.8543344,12.5534599,stone_block,,,node/261597519
"POINT (12.4794685 41.8528812)",,41.8528812,12.4794685,nasone,,,node/260540145
"POINT (12.4778917 41.8607776)",,41.8607776,12.4778917,stone_block,,,node/260540024
"POINT (12.477356 41.8572662)",,41.8572662,12.477356,sarcophagus,,,node/260540023
"POINT (12.465897 41.9173024)",,41.9173024,12.465897,drinking_water,,,node/260204144
"POINT (12.5339742 41.8748857)",,41.8748857,12.5339742,drinking_water,,,node/260201677
"POINT (12.5459962 41.8620648)",,41.8620648,12.5459962,drinking_water,,,node/260201672
"POINT (12.5442503 41.8600573)",,41.8600573,12.5442503,nasone,,,node/260173356
"POINT (12.51061 41.8714673)",,41.8714673,12.51061,nasone,,,node/259867679
"POINT (12.5322149 41.8919706)",,41.8919706,12.5322149,nasone,,,node/259867393
"POINT (12.5280981 41.8911042)",,41.8911042,12.5280981,nasone,,,node/259867027
"POINT (12.479667 41.8777468)",,41.8777468,12.479667,nasone,,,node/259865501
"POINT (12.4783733 41.8549645)",,41.8549645,12.4783733,nasone,,,node/259865022
"POINT (12.5237563 41.8571881)",,41.8571881,12.5237563,nasone,,,node/259701220
"POINT (12.5216722 41.9267937)",,41.9267937,12.5216722,drinking_water,,,node/259206421
"POINT (12.509652 41.906715)",,41.906715,12.509652,drinking_water,,,node/258898191
"POINT (12.5162012 41.9109325)",,41.9109325,12.5162012,drinking_water,,,node/258898190
"POINT (12.5171197 41.9116802)",,41.9116802,12.5171197,drinking_water,,,node/258898189
"POINT (12.5141651 41.8969632)",,41.8969632,12.5141651,drinking_water,,,node/258755703
"POINT (12.4772529 41.8957224)",,41.8957224,12.4772529,nasone,,,node/258755618
"POINT (12.4765614 41.8518429)",,41.8518429,12.4765614,nasone,,,node/257669112
"POINT (12.4762591 41.8548398)",,41.8548398,12.4762591,nasone,,,node/257669110
"POINT (12.4812459 41.9136539)",,41.9136539,12.4812459,drinking_water,,,node/257476153
"POINT (12.4849342 41.9126361)",,41.9126361,12.4849342,decorative,,,node/257475940
"POINT (12.485007 41.912699)",,41.912699,12.485007,decorative,,,node/257475939
"POINT (12.4916658 41.9137935)",,41.9137935,12.4916658,drinking,,,node/257475937
"POINT (12.4917582 41.9137331)",,41.9137331,12.4917582,drinking,,,node/257475935
"POINT (12.4900747 41.9151971)",,41.9151971,12.4900747,bubbler,,,node/257475250
"POINT (12.4901414 41.9152493)",,41.9152493,12.4901414,bubbler,,,node/257475247
"POINT (12.4912657 41.914923)",,41.914923,12.4912657,drinking_water,,,node/257475245
"POINT (12.4963876 41.9171738)",,41.9171738,12.4963876,nasone,,,node/257473786
"POINT (12.4941929 41.9153084)",,41.9153084,12.4941929,nasone,,,node/257473781
"POINT (12.5137499 41.8966879)",,41.8966879,12.5137499,bubbler,,,node/257361194
"POINT (12.5134571 41.895939)",,41.895939,12.5134571,drinking_water,,,node/257360905
"POINT (12.4725282 41.8953461)",,41.8953461,12.4725282,nasone,,,node/257352140
"POINT (12.4700857 41.8877058)",,41.8877058,12.4700857,nasone,,,node/257348840
"POINT (12.4693467 41.8876199)",,41.8876199,12.4693467,nasone,,,node/257348839
"POINT (12.5079843 41.8767672)",,41.8767672,12.5079843,nasone,,,node/256816899
"POINT (12.5101942 41.8899687)",,41.8899687,12.5101942,nasone,,,node/256638790
"POINT (12.4963709 41.8947199)",,41.8947199,12.4963709,nasone,,,node/256572272
"POINT (12.5017974 41.8731861)",,41.8731861,12.5017974,sarcophagus,,,node/256170032
"POINT (12.5028108 41.8673275)",,41.8673275,12.5028108,nasone,,,node/256170031
"POINT (12.4999978 41.8602739)",,41.8602739,12.4999978,nasone,,,node/256170027
"POINT (12.499913 41.859866)",,41.859866,12.499913,nasone,,,node/256170026
"POINT (12.5047529 41.8971515)",,41.8971515,12.5047529,drinking,,,node/255577312
"POINT (12.4902251 41.8990202)",,41.8990202,12.4902251,nasone,,,node/255454064
"POINT (12.4961229 41.8995059)",,41.8995059,12.4961229,nasone,,,node/255454063
"POINT (12.4823578 41.8560244)",,41.8560244,12.4823578,nasone,,,node/255332124
"POINT (12.4913582 41.8629606)",,41.8629606,12.4913582,nasone,,,node/255332025
"POINT (12.519808 41.9026441)",,41.9026441,12.519808,drinking_water,,,node/255118660
"POINT (12.5175115 41.9003546)",,41.9003546,12.5175115,drinking_water,yes,,node/255118657
"POINT (12.5081547 41.8869339)",,41.8869339,12.5081547,nasone,,,node/255117810
"POINT (12.5191948 41.8871051)",,41.8871051,12.5191948,drinking_water,,,node/255023460
"POINT (12.5226885 41.8870998)",,41.8870998,12.5226885,nasone,,,node/255023443
"POINT (12.5139571 41.88137)",,41.88137,12.5139571,nasone,,,node/255020318
"POINT (12.5141099 41.8816496)",,41.8816496,12.5141099,nasone,,,node/255020317
"POINT (12.5137977 41.8819791)",,41.8819791,12.5137977,nasone,,,node/255020316
"POINT (12.5141333 41.8821058)",,41.8821058,12.5141333,drinking_water,,,node/255020314
"POINT (12.5142192 41.8823541)",,41.8823541,12.5142192,drinking,,,node/255020313
"POINT (12.4755878 41.8321379)",,41.8321379,12.4755878,nasone,,,node/255019798
"POINT (12.4901209 41.8685428)",,41.8685428,12.4901209,nasone,,,node/254523696
"POINT (12.4759527 41.9073887)",,41.9073887,12.4759527,nasone,,,node/253871563
"POINT (12.5030297 41.8835122)",,41.8835122,12.5030297,nasone,,,node/253704802
"POINT (12.4784597 41.8669876)",,41.8669876,12.4784597,roman_wolf,,,node/253704800
"POINT (12.4789111 41.8660956)",,41.8660956,12.4789111,nasone,,,node/253704799
"POINT (12.4644924 41.8387689)",,41.8387689,12.4644924,drinking_water,,,node/253704798
"POINT (12.4588012 41.8557073)",,41.8557073,12.4588012,nasone,,,node/253704796
"POINT (12.5172566 41.894222)",,41.894222,12.5172566,bubbler,,,node/252899503
"POINT (12.5022052 41.8917675)",,41.8917675,12.5022052,nasone,,,node/252899499
"POINT (12.4769332 41.9045357)",,41.9045357,12.4769332,nasone,,,node/252699691
"POINT (12.4970823 41.8961398)",,41.8961398,12.4970823,drinking_water,,,node/252609581
"POINT (12.4929031 41.8961224)",,41.8961224,12.4929031,drinking_water,,,node/252602350
"POINT (12.5039706 41.8941232)",,41.8941232,12.5039706,nasone,,,node/252441819
"POINT (12.5038691 41.8941782)",,41.8941782,12.5038691,nasone,,,node/252441818
"POINT (12.4744014 41.8808812)",,41.8808812,12.4744014,nasone,,,node/252420331
"POINT (12.4836676 41.8885804)",,41.8885804,12.4836676,nasone,,,node/251792639
"POINT (12.4753136 41.8801357)",,41.8801357,12.4753136,drinking,,pilar in masonry,node/251783883
"POINT (12.5256815 41.933526)",,41.933526,12.5256815,drinking_water,,,node/251783879
"POINT (12.5194914 41.9226601)",,41.9226601,12.5194914,drinking_water,,,node/251774248
"POINT (12.5085771 41.8922849)",,41.8922849,12.5085771,nasone,,,node/251774246
"POINT (12.5094467 41.8932112)",,41.8932112,12.5094467,nasone,,,node/251774243
"POINT (12.5126101 41.8923832)",,41.8923832,12.5126101,nasone,,,node/251774241
"POINT (12.487827 41.9114186)",,41.9114186,12.487827,drinking,,,node/251774238
"POINT (12.485754 41.9016622)",,41.9016622,12.485754,drinking_water,,,node/251774236
"POINT (12.4849325 41.9013552)",,41.9013552,12.4849325,nasone,,,node/251774233
"POINT (12.4838554 41.8933168)",,41.8933168,12.4838554,drinking,,,node/251773551
"POINT (12.4827727 41.8870009)",,41.8870009,12.4827727,nasone,,,node/251773349
"POINT (12.485289 41.885391)",,41.885391,12.485289,nasone,,,node/251773348
"POINT (12.4928256 41.8431757)",,41.8431757,12.4928256,nasone,,,node/251773316
"POINT (12.5119727 41.8957797)",,41.8957797,12.5119727,drinking_water,,,node/251773307
"POINT (12.4880385 41.863013)",,41.863013,12.4880385,nasone,,,node/251773306
"POINT (12.4867437 41.863234)",,41.863234,12.4867437,nasone,,,node/251773259
"POINT (12.4841937 41.864776)",,41.864776,12.4841937,nasone,,,node/251773254
"POINT (12.4842267 41.8653322)",,41.8653322,12.4842267,nasone,,,node/251773253
"POINT (12.4734466 41.8525577)",,41.8525577,12.4734466,nasone,,,node/251772704
"POINT (12.4765185 41.8523866)",,41.8523866,12.4765185,nasone,,,node/251772703
"POINT (12.4940025 41.8598805)",,41.8598805,12.4940025,nasone,,,node/250890428
"POINT (12.4931986 41.8602646)",,41.8602646,12.4931986,stone_block,,,node/250890426
"POINT (12.4917405 41.8605852)",,41.8605852,12.4917405,stone_block,,,node/250890425
"POINT (12.4903484 41.8618874)",,41.8618874,12.4903484,nasone,,,node/250890423
"POINT (12.4885898 41.8621146)",,41.8621146,12.4885898,nasone,,,node/250890422
"POINT (12.4650076 41.8305406)",,41.8305406,12.4650076,nasone,,,node/250889643
"POINT (12.4903891 41.8959904)",,41.8959904,12.4903891,nasone,,,node/250889642
"POINT (12.5733312 41.8932497)",,41.8932497,12.5733312,drinking_water,,,node/250889357
"POINT (12.5629997 41.8899757)",,41.8899757,12.5629997,nasone,,,node/250889355
"POINT (12.4765524 41.8782925)",,41.8782925,12.4765524,nasone,,,node/250889346
"POINT (12.4813732 41.8757984)",,41.8757984,12.4813732,nasone,,,node/250889343
"POINT (12.4748452 41.8592714)",,41.8592714,12.4748452,stone_block,,,node/250887057
"POINT (12.4718393 41.859036)",,41.859036,12.4718393,nasone,,,node/250887056
"POINT (12.520931 41.9136082)",,41.9136082,12.520931,drinking_water,,,node/250886788
"POINT (12.5220017 41.9122313)",,41.9122313,12.5220017,drinking_water,,,node/250886787
"POINT (12.5165116 41.8989432)",,41.8989432,12.5165116,nasone,,,node/250886298
"POINT (12.5151997 41.896833)",,41.896833,12.5151997,drinking_water,,Is an apparently custom made solution with 2 opposite taps, modern style,node/250886296
"POINT (12.5042962 41.9050056)",,41.9050056,12.5042962,nasone,,,node/250885316
"POINT (12.4717842 41.8563011)",,41.8563011,12.4717842,nasone,,,node/250884715
"POINT (12.4717358 41.8954106)",,41.8954106,12.4717358,nasone,,,node/250884089
"POINT (12.4624403 41.8898866)",,41.8898866,12.4624403,trough,,,node/249333234
"POINT (12.4609318 41.8959723)",,41.8959723,12.4609318,decorative,,,node/249332045
"POINT (12.4786064 41.879092)",,41.879092,12.4786064,nasone,,,node/249331968
"POINT (12.4651763 41.8946694)",,41.8946694,12.4651763,drinking_water,,,node/249331407
"POINT (12.5416007 41.8928953)",,41.8928953,12.5416007,nasone,,,node/248979100
"POINT (12.5434085 41.8858287)",,41.8858287,12.5434085,drinking,,,node/248977098
"POINT (12.5365726 41.8877501)",,41.8877501,12.5365726,drinking_water,,,node/248977097
"POINT (12.530231 41.8892422)",,41.8892422,12.530231,nasone,,,node/248977095
"POINT (12.5115667 41.8970582)",,41.8970582,12.5115667,nasone,,,node/248834840
"POINT (12.5150875 41.898734)",,41.898734,12.5150875,nasone,,,node/248834839
"POINT (12.5182148 41.8989257)",,41.8989257,12.5182148,drinking_water,,,node/248834837
"POINT (12.5134235 41.8951114)",,41.8951114,12.5134235,drinking_water,,,node/248834836
"POINT (12.5157105 41.8929903)",,41.8929903,12.5157105,nasone,,,node/248834835
"POINT (12.4839035 41.8635264)",,41.8635264,12.4839035,nasone,,,node/248743358
"POINT (12.4877431 41.8935288)",,41.8935288,12.4877431,roman_wolf,,,node/248743324
"POINT (12.4870372 41.8960661)",,41.8960661,12.4870372,drinking,,,node/248743322
"POINT (12.4663837 41.8674087)",,41.8674087,12.4663837,nasone,,,node/248741445
"POINT (12.4693437 41.8527451)",,41.8527451,12.4693437,nasone,,,node/248741444
"POINT (12.4909207 41.8232606)",,41.8232606,12.4909207,drinking,,,node/248678361
"POINT (12.4736442 41.8836729)",,41.8836729,12.4736442,nasone,,,node/248678318
"POINT (12.4739986 41.8886393)",,41.8886393,12.4739986,nasone,,,node/248678317
"POINT (12.4738864 41.8893142)",,41.8893142,12.4738864,drinking_water,,,node/248676420
"POINT (12.4729721 41.8897442)",,41.8897442,12.4729721,drinking,,,node/248676419
"POINT (12.4692174 41.8904437)",,41.8904437,12.4692174,nasone,,,node/248676418
"POINT (12.4716508 41.8878569)",,41.8878569,12.4716508,bubbler,,,node/248674902
"POINT (12.5218052 41.887859)",,41.887859,12.5218052,drinking_water,,,node/248663469
"POINT (12.5344508 41.8903398)",,41.8903398,12.5344508,nasone,,,node/248663407
"POINT (12.5262382 41.8888969)",,41.8888969,12.5262382,nasone,,,node/248663404
"POINT (12.5249828 41.8892153)",,41.8892153,12.5249828,nasone,,,node/248663400
"POINT (12.5236692 41.8896924)",,41.8896924,12.5236692,nasone,,,node/248663397
"POINT (12.4882252 41.8655343)",,41.8655343,12.4882252,nasone,,,node/246661220
"POINT (12.4977508 41.8972914)",,41.8972914,12.4977508,decorative,,,node/246661219
"POINT (12.4901207 41.897553)",,41.897553,12.4901207,drinking_water,,,node/246661218
"POINT (12.5031998 41.8975832)",,41.8975832,12.5031998,nasone,,,node/246661215
"POINT (12.5047944 41.8949655)",,41.8949655,12.5047944,nasone,yes,,node/246661214
"POINT (12.5046834 41.8950278)",,41.8950278,12.5046834,nasone,yes,,node/246661213
"POINT (12.4922666 41.8237828)",,41.8237828,12.4922666,drinking_water,,,node/246576812
"POINT (12.4979178 41.8553048)",,41.8553048,12.4979178,nasone,,,node/246574154
"POINT (12.5000381 41.8549643)",,41.8549643,12.5000381,nasone,,,node/246574153
"POINT (12.487739 41.8944984)",,41.8944984,12.487739,nasone,,,node/246574151
"POINT (12.4909457 41.8948869)",,41.8948869,12.4909457,nasone,,,node/246574150
"POINT (12.4919399 41.894806)",,41.894806,12.4919399,nasone,,,node/246574149
"POINT (12.5030581 41.8952417)",,41.8952417,12.5030581,nasone,,,node/246574145
"POINT (12.5031327 41.8953181)",,41.8953181,12.5031327,nasone,,,node/246574144
"POINT (12.5056111 41.8939406)",,41.8939406,12.5056111,nasone,yes,,node/246572374
"POINT (12.5055161 41.8938436)",,41.8938436,12.5055161,nasone,yes,,node/246572372
"POINT (12.5133456 41.8894425)",,41.8894425,12.5133456,drinking,,,node/246572370
"POINT (12.5147289 41.8882923)",,41.8882923,12.5147289,drinking,,,node/246572369
"POINT (12.500818 41.9031419)",,41.9031419,12.500818,stone_block,yes,,node/246571142
"POINT (12.5162428 41.9047904)",,41.9047904,12.5162428,drinking_water,,,node/246571141
"POINT (12.5132783 41.9042869)",,41.9042869,12.5132783,drinking_water,,,node/246571139
"POINT (12.4789476 41.8637486)",,41.8637486,12.4789476,nasone,,,node/246569216
"POINT (12.4783285 41.8526205)",,41.8526205,12.4783285,nasone,,,node/246569214
"POINT (12.485546 41.8245081)",,41.8245081,12.485546,nasone,,,node/246569213
"POINT (12.49116835 41.8913405375)",,41.8913405375,12.49116835,bottle_refill,,,way/1428979191
"POINT (12.4745912125 41.8586683375)",,41.8586683375,12.4745912125,bottle_refill,,,way/1428974337
"POINT (12.4995199125 41.8818051875)",,41.8818051875,12.4995199125,bottle_refill,,,way/1428972754
"POINT (12.49123265 41.85761051666667)",,41.85761051666667,12.49123265,bottle_refill,,,way/1149904682
"POINT (12.4847106 41.8877336)",Acqua,41.8877336,12.4847106,drinking_water,,,node/9108120217
"POINT (12.4615404 41.9042434)",Acqua Angelica,41.9042434,12.4615404,drinking,,,node/5103159908
"POINT (12.4616808 41.9037563)",Acqua Marcia,41.9037563,12.4616808,drinking,,la fontanella è numerata con una targhetta metallica,node/685471538
"POINT (12.513524 41.9245134)",Acqua Marcia,41.9245134,12.513524,nasone,,,node/1895350343
"POINT (12.4594628 41.931294)",Acqua potabile,41.931294,12.4594628,drinking_water,,,node/6084526187
"POINT (12.6832701 41.8612579)",Acqua potabile,41.8612579,12.6832701,drinking_water,,,node/8661785717
"POINT (12.535445 41.9304783)",Acqua Sacra,41.9304783,12.535445,drinking_water,,,node/5784677072
"POINT (12.4729627 41.902501)",Acqua Vergine,41.902501,12.4729627,drinking_water,,,node/1429382773
"POINT (12.45831414 41.90932016)",Casa dell'Acqua,41.90932016,12.45831414,drinking_water,,,way/375563688
"POINT (12.474918839999999 41.93003738)",Casa dell'Acqua,41.93003738,12.474918839999999,drinking_water,,,way/514908462
"POINT (12.4550661 41.896261)",Casa dell'Acqua,41.896261,12.4550661,drinking_water,,,node/11048024400
"POINT (12.4472119 41.9072482)",Casa dell'Acqua,41.9072482,12.4472119,drinking_water,,,node/11048215798
"POINT (12.5160195 41.9240045)",Casa dell'acqua,41.9240045,12.5160195,drinking_water,yes,,node/12565903345
"POINT (12.4702822 41.7669694)",Distributore automatico dell'acqua Acea,41.7669694,12.4702822,drinking_water,,Distributore automatico di acqua con due bocchette che erogano rispettivamente acqua frizzante e acqua liscia,node/11115660257
"POINT (12.4479609 41.9216125)",Fons Eleonorae,41.9216125,12.4479609,drinking_water,,,node/1380533835
"POINT (12.4832907 41.9030148)",Fontana del Bufalo,41.9030148,12.4832907,drinking,,,node/495048559
"POINT (12.4818403 41.9037885)",Fontana del Moretto,41.9037885,12.4818403,drinking_water,,,node/3978214109
"POINT (12.4859132 41.8967142)",Fontana delle tre cannelle,41.8967142,12.4859132,nasone,,,node/248743319
"POINT (12.4562273 41.9003871)",Fontana di Porta Cavalleggeri,41.9003871,12.4562273,sarcophagus,,,node/6710441144
"POINT (12.554286 41.9508587)",Fontanella nel Parco pubblico,41.9508587,12.554286,drinking_water,,,node/2503253831
"POINT (12.5539977 41.9506084)",Fontanella nel Parco pubblico,41.9506084,12.5539977,drinking_water,,,node/2503257460
"POINT (12.4475742 41.8648924)",Fontanella nel Parco pubblico,41.8648924,12.4475742,drinking_water,,,node/2503990560
"POINT (12.5167515 41.9374035)",Fontanella o "nasone",41.9374035,12.5167515,drinking_water,,,node/4464678624
"POINT (12.469274 41.900973)",Fontanella per cani,41.900973,12.469274,drinking_water,,,node/1168549494
"POINT (12.5479933 41.9533421)",fontanella per cani,41.9533421,12.5479933,drinking,,,node/2296995508
"POINT (12.5795199 41.8093411)",Fonte Appia,41.8093411,12.5795199,drinking_water,,Sparkling mineral water source, free access, €0,08/liter (2008),node/289941617
"POINT (12.530676 41.8548144)",Fonte Egeria,41.8548144,12.530676,drinking_water,,Sparkling mineral water source, free access, €0,08/liter (2008),node/289941615
"POINT (12.5642309 41.818614)",Fonte Santa Maria alle Capannelle,41.818614,12.5642309,drinking_water,yes,Acqua Effervescente Naturale, presa diretta tramite Fontanelle dalla Sorgente.,node/289941616
"POINT (12.4814682 41.90157)",Miracle Water,41.90157,12.4814682,drinking_water,,a small "Lourdes" in Rome,node/4450594029
"POINT (12.5101255 41.8568)",Nasone,41.8568,12.5101255,drinking_water,,,node/12157588201
